name,price,url,bed,score
Grandouce Momodani,6589,http://tinyurl.com/y2ofc26s,床型： 3 張雙人床,8.5
Sakuranomiya apartment 3D（櫻花公寓3D）,6881,http://tinyurl.com/y4ovu9l2,2 張雙人床 • 1 張沙發床 • 1 張日式床舖,8.6
Mansion Kawata（川田大廈）,7429,http://tinyurl.com/yxosstmm,2 張沙發床 • 5 張雙人床,7.9
Aoiumi house Korean town,7445,http://tinyurl.com/y2kz9ype,"床型： 2 張雙人床 , 2 張沙發床 和 4 張日式床舖",8.4
Namba_Matsuya_MAR0005B,7755,http://tinyurl.com/y232pt6m,床型： 2 張雙人床 和 3 張沙發床,
Grandouce Namba-Nishi Ⅱ,8541,http://tinyurl.com/yxbjahbl,2 張雙人床 • 1 張沙發床,8.8
M&M House BENTENCHO,8541,http://tinyurl.com/y5dzztmg,2 張單人床 • 3 張雙人床,
EX Noujinbashi Apartment 901,8568,http://tinyurl.com/yxa83kc4,1 張雙人床 • 1張床位 • 2 張沙發床,
Waka 101,8715,http://tinyurl.com/y59edf6r,床型： 2 張雙人床 和 2 張沙發床,
Apartment VR Namba DAR0030B,8863,http://tinyurl.com/yyjyeznd,床型： 2 張沙發床 和 3 張日式床舖,
Terry's Apartment Namba South V #C02F,8863,http://tinyurl.com/y37ovd29,2 張單人床 • 1 張沙發床,
Modern and Traditional Japanese Style House_Namba & Daikokucho,9213,http://tinyurl.com/y2c85r2y,床型： 2 張單人床 和 6 張雙人床,
Grandouce Villa HanazonochoII,9238,http://tinyurl.com/y4b6enfg,5 張雙人床,
Grandouce Juso-Higashi,9412,http://tinyurl.com/y5mwqkb5,床型： 3 張雙人床,8.2
Grandouce Villa Tenjimbashisuji-6chome,9412,http://tinyurl.com/yxcsp2j3,3 張雙人床 • 1 張沙發床,8.3
Shinsaibashi Shimanouchi SMR0003B,9417,http://tinyurl.com/y3sbx7mz,2 張雙人床 • 1 張沙發床 • 1 張日式床舖,7.7
Peace House Suzunami（嶺波和平之家旅館）,9678,http://tinyurl.com/y3qpntlq,3張床位,7.7
Best Residence Kujo,9725,http://tinyurl.com/yxzxh9fu,床型： 2 張單人床 和 1 張沙發床,
HG Cozy Hotel No.35（HG 第 35 號溫馨公寓）,9749,http://tinyurl.com/y25w946v,4 張單人床 • 4 張日式床舖,7.0
Grandouce Nipponbashi-Higashi（日本橋東固蘭德斯公寓）,9831,http://tinyurl.com/y3xtjpsh,床型： 3 張雙人床,8.2
Exsaison House Imamiya 101,9853,http://tinyurl.com/yytlj42d,床型： 3 張雙人床,8.6
Higashimikuni House,9853,http://tinyurl.com/yxzctpqb,2 張雙人床 • 2 張沙發床 • 1 張日式床舖,6.1
Grandouce Shin-Imamiya-Nishi,9857,http://tinyurl.com/y3yvvuyo,床型： 4 張雙人床,8.0
04village Namba（難波04村莊旅舍）,9945,http://tinyurl.com/y56w229y,6 張日式床舖,8.9
Apartment KJ Namba DAR0041B,9971,http://tinyurl.com/yxs89bhg,床型： 2 張雙人床 和 3 張日式床舖,
ETERNITY Tamatsukuri 401,10045,http://tinyurl.com/y4w4tyd6,床型： 2 張雙人床 和 2 張沙發床,
EX Tamatsukuri Apartment801,10045,http://tinyurl.com/y3m3stjh,"床型： 1 張雙人床 , 2 張沙發床 和 5 張日式床舖",7.7
ETERNITY Tamatsukuri 404,10045,http://tinyurl.com/y6tczhgn,床型： 2 張雙人床 和 2 張沙發床,
ETERNITY Tamatsukuri 501,10045,http://tinyurl.com/y32zdrdd,床型： 3張床位 和 2 張沙發床,
Grandouce Villa Shin-Imamiya,10110,http://tinyurl.com/y4bkjzhw,床型： 7 張雙人床 和 1 張日式床舖,
Grandouce Sejour（一流公寓）,10110,http://tinyurl.com/y3an6wrk,2 張單人床 • 2 張雙人床 • 2 張沙發床,6.7
ミフネ島之内G0G,10311,http://tinyurl.com/y6ja3hoa,3 張雙人床,7.9
Kanzakigawa AdeleⅡ,10325,http://tinyurl.com/y65mvxru,2 張雙人床 • 1 張沙發床,
マッセ新町201 心斎橋近く.西大橋 難波エリア,10340,http://tinyurl.com/y5t55jm4,床型： 2 張雙人床 和 1 張沙發床,
Grandouce Imamiyaebisu（格蘭昂斯今宮戎旅館）,10378,http://tinyurl.com/y327qmsy,床型： 2 張雙人床 和 1 張加大雙人床,7.8
Grandouce Shin-Imamiya-Minami,10430,http://tinyurl.com/y3gw3mmn,床型： 5 張雙人床,7.8
HG Cozy Hotel No.20（20號HG舒適公寓）,10562,http://tinyurl.com/y5q8mbls,床型： 4 張單人床 和 4 張日式床舖,6.5
Three Eight Heights 101,10636,http://tinyurl.com/y2zfa552,床型： 2 張雙人床 和 2 張沙發床,
Hostel Kay 101&102（101&102柯恩旅舍）,10702,http://tinyurl.com/y5v2rexa,5 張單人床 • 2 張沙發床 • 1 張日式床舖,8.9
iR-inn223 IKIDANE COZY HOTEL,10754,http://tinyurl.com/y4xl2gsz,床型： 2 張單人床 和 2張床位,7.9 10
Pack Studio Tanaka 301（田中301帕克公寓）,10872,http://tinyurl.com/y42rj4xy,床型： 2 張雙人床 和 1 張沙發床,9.1
Osaka Shitennoji Yuhigaoka Apartment,10990,http://tinyurl.com/y59w3xqe,床型： 4 張單人床 和 2 張日式床舖,
Osaka City Hotel（大阪城市飯店）,11070,http://tinyurl.com/y2bp8k7g,床型： 2 張雙人床 和 2 張沙發床,7.6
Namba_Ebisu_EBR0016B,11079,http://tinyurl.com/y4hzt3rn,2 張雙人床 • 2 張沙發床,
Namba_Matsuya_MAR0003B,11079,http://tinyurl.com/y6l7pc2g,2 張雙人床 • 2 張沙發床 • 1 張日式床舖,7.8
Osaka Ayano Tea House House,11079,http://tinyurl.com/yy4324rg,"床型： 2 張單人床 , 3 張雙人床 和 3 張日式床舖",
Namba_Matsuya_MAR0004B,11079,http://tinyurl.com/y5pdclgt,2 張雙人床 • 3 張沙發床,
starvilla,11167,http://tinyurl.com/yxtvsore,床型： 3 張雙人床 和 2 張沙發床,8.9
HG Cozy Hotel No.14,11167,http://tinyurl.com/y386384p,4 張單人床 • 2 張日式床舖,8.9
Atrium,11342,http://tinyurl.com/yyzxrq98,1 張雙人床 • 3 張沙發床,
Miyado NF 202,11345,http://tinyurl.com/y6mdm6pr,床型： 6 張單人床,
"Osaka Castle Park , Cozy Apartment ZD",11345,http://tinyurl.com/y5d9o3t6,1 張雙人床 • 1 張沙發床 • 3 張日式床舖,7.2
Urban Stay Shin-Osaka North 205,11463,http://tinyurl.com/y3ompxye,3 張雙人床,8.0
Walk Around Base Nippombashi,11470,http://tinyurl.com/y5ggrger,床型： 3張床位,8.8
ミフネ島之内AA0G,11488,http://tinyurl.com/y34qmq9v,床型： 2 張雙人床 和 1 張沙發床,
ミフネ島之内AAAA,11488,http://tinyurl.com/y4tzwuv9,床型： 2 張雙人床 和 1 張沙發床,
ミフネ島之内A0H,11488,http://tinyurl.com/y6oesol4,3 張雙人床,
ミフネ島之内A0F,11488,http://tinyurl.com/y4g44gb2,2 張雙人床 • 1張床位,7.4
ミフネ島之内AAA0,11488,http://tinyurl.com/y4gggwlg,床型： 2 張雙人床 和 1 張沙發床,
H20 Stay Namba IX,11522,http://tinyurl.com/y4hdjyzh,1 張雙人床 • 2 張沙發床 • 2 張日式床舖,
H2O Stay Namba Ⅱ Shinkan 102,11522,http://tinyurl.com/yxg85hdu,床型： 4 張雙人床,
H2O Stay Namba V #403,11522,http://tinyurl.com/yy3ersnp,3 張雙人床,
H2O Stay Namba Ⅱ Shinkan 101,11522,http://tinyurl.com/y2wlujd4,床型： 4 張雙人床,
GUEST HOUSE OSAKA TSUKAMOTO,11522,http://tinyurl.com/yyamzw7v,4 張雙人床 • 2 張沙發床,
H2O Stay Namba Ⅱ Shinkan 103,11522,http://tinyurl.com/y3uttb4f,4 張雙人床,
Exsaison House Imamiya 102,11551,http://tinyurl.com/yxnhlwn5,3 張雙人床,7.7
Exsaison House No.1（艾克薩森一號公寓）,11551,http://tinyurl.com/y5y4a7ge,2 張雙人床 • 2 張日式床舖,
Exsaison House Imamiya 202,11551,http://tinyurl.com/y6lswl67,4 張雙人床,8.6
Ostay ART Namba Riverside（Ostay ART難波河濱酒店公寓）,11594,http://tinyurl.com/y5t6uve6,2 張雙人床 • 1 張沙發床,8.3
Omotenashi Hostel Taisho,11758,http://tinyurl.com/y3ufogyw,3 張單人床 • 2 張雙人床 • 2 張沙發床,6.8
Taisho Terrace House,11777,http://tinyurl.com/yxe3e9yg,1 張雙人床 • 5 張日式床舖,6.0
kashiwa 柏,11817,http://tinyurl.com/y3v3vp5n,1 張沙發床 • 5 張日式床舖,
Apartment Namba VR DAR0032B,11817,http://tinyurl.com/yxh6wv3x,床型： 1 張沙發床 和 6 張日式床舖,
Apartment Kiku House DAR0034B,11817,http://tinyurl.com/y5p2pgvh,2 張沙發床 • 3 張日式床舖,
Namba_Matsuya_MAR0007B,11817,http://tinyurl.com/y3v26ddl,床型： 2 張雙人床 和 2 張沙發床,7.3
Apartment Verouno DAR0036B,11817,http://tinyurl.com/y4ndkvka,床型： 3 張雙人床 和 1 張沙發床,
akazawamansion,11817,http://tinyurl.com/yyv8kqs7,床型： 2 張雙人床 和 1 張沙發床,6.0
Grandouce Tennouji-Kita,11853,http://tinyurl.com/y2ghlaqt,床型： 2 張雙人床 和 2 張日式床舖,8.2
Gate 80（80號門旅館）,11965,http://tinyurl.com/yxmpux2a,6 張日式床舖,8.8
KWレジデンス阿波座,12054,http://tinyurl.com/y4az7ebp,3 張雙人床,8.4
HG Cozy Hotel No.70,12187,http://tinyurl.com/y2jftuj7,床型： 5 張單人床 和 2 張日式床舖,8.6
HG Cozy Hotel No.42,12187,http://tinyurl.com/y5abfh3s,床型： 3 張單人床 和 4 張日式床舖,8.3
BL Karahori,12204,http://tinyurl.com/y2aym6uz,2 張雙人床 • 1 張沙發床,
Open Sale Easy access to Namba Dotonbori NF202,12234,http://tinyurl.com/y32pg8el,床型： 6 張單人床,
Beauty Villa Tengachaya 202,12243,http://tinyurl.com/yymyfh7q,床型： 4 張雙人床 和 1 張沙發床,
大阪難波大国町－きらら憩いの家 ６名,12260,http://tinyurl.com/yygvfm3y,2 張雙人床 • 1 張沙發床,
Furyukan,12284,http://tinyurl.com/yy6d3fg3,1 張單人床 • 1 張雙人床 • 6 張日式床舖,
Ostay Hotel Namba Minami (Tengachaya Sta.)（斯選·難波南酒店公寓（天下茶屋店））,12337,http://tinyurl.com/yyoxtnby,1 張單人床 • 1 張雙人床 • 2 張日式床舖,8.0
Turfy's Flat Taisho 102,12346,http://tinyurl.com/y2bwby8o,床型： 2 張雙人床 和 6 張日式床舖,9.5
Onusi Teradacho,12408,http://tinyurl.com/y68l6kk8,2 張單人床 • 4 張雙人床,
Aqua Umeda,12408,http://tinyurl.com/y5srzf3p,4 張單人床 • 2 張沙發床 • 1 張日式床舖,
Grandouce Dotonbori（天鵝道頓堀旅館）,12480,http://tinyurl.com/y3dpxa42,床型： 2 張雙人床 和 1 張沙發床,7.5
Apartment VR Dotonbori DOR0072B,12556,http://tinyurl.com/y2fhyzco,床型： 2 張沙發床 和 3 張日式床舖,
Stella Wood ARRIBA TSURUMIBA,12556,http://tinyurl.com/yypmnosu,2 張沙發床 • 6 張日式床舖,9.3
Stella Wood TSURUMIBASHI,12556,http://tinyurl.com/yyhw2eh6,2 張沙發床 • 6 張日式床舖,9.0
Sakura Private Hotel（櫻花私人酒店）,12862,http://tinyurl.com/y2w48xqh,6 張雙人床 • 1 張沙發床,
Turfy's Flat Taisho 101,12925,http://tinyurl.com/y4gcw94c,4 張雙人床 • 3 張日式床舖,
Cocomosu Chidoribashi（千鳥橋可可慕斯公寓）,12940,http://tinyurl.com/y5q6twtq,床型： 2 張雙人床 和 1 張沙發床,8.4
IKIDANE HOUSE Abenosuji Sou,12999,http://tinyurl.com/y3sw7gq9,3 張單人床 • 1 張雙人床 • 1 張沙發床,7.3
Happiness House Fukushima（福島幸福度假屋）,13103,http://tinyurl.com/yxaoxr6m,1 張加大雙人床 • 1 張沙發床 • 3 張日式床舖 • 3 張單人床,
ArcadiaEF408,13294,http://tinyurl.com/y3t4hj2f,床型： 2 張雙人床 和 2 張沙發床,
Roiyarupuraza taikoku,13294,http://tinyurl.com/yxstgkl7,床型： 2 張雙人床 和 1 張沙發床,
ArcadiaEF506,13294,http://tinyurl.com/y3fdrblv,床型： 2 張雙人床 和 1 張沙發床,
Apartment Nipponbashi House KMR0047B,13294,http://tinyurl.com/y2wwhnvg,3 張日式床舖,
Family suite house 6,13294,http://tinyurl.com/y26tb63w,4 張雙人床 • 1 張沙發床,9.0
レジデンス今里Ⅱ,13294,http://tinyurl.com/yyd8f2ms,3 張雙人床 • 1 張沙發床,8.7
ArcadiaEF503,13294,http://tinyurl.com/y2mnxa4s,2 張雙人床 • 1 張沙發床,
Guest house ASAHI Condominium,13294,http://tinyurl.com/y66enxfp,床型： 2 張雙人床 和 1 張沙發床,
Konitel Namba2（難波康妮泰爾飯店 2）,13294,http://tinyurl.com/y4ohpezj,2 張單人床 • 2張床位,6.0
HATCH NAGAHORI 301,13361,http://tinyurl.com/y484ld6y,2 張雙人床 • 1 張沙發床,
The EXPerience Osaka Uehonmachi,13374,http://tinyurl.com/yxs2w98a,2 張雙人床 • 2 張沙發床,
Comfort Self Hotel Rebanga Tenjinbashi AP,13432,http://tinyurl.com/y6otxjnk,2 張雙人床 • 2 張沙發床,
H2O Stay Kyobashi Ⅰ,13442,http://tinyurl.com/y4ebpo92,4 張雙人床,8.2
Trend Inn at Bentencho(204-3),13538,http://tinyurl.com/y338df96,床型： 6 張單人床 和 1 張沙發床,7.8
Apartment in Osaka C（大阪C公寓）,13764,http://tinyurl.com/yy7q2o7m,4 張單人床 • 1 張日式床舖,7.6
AH Apartment in 2 Chome211 Tamadehigashi 45956,13764,http://tinyurl.com/y6h8twtx,6 張雙人床,
GESTHOUSE JUN HEIGHTS TAMADE,13826,http://tinyurl.com/yy8chljb,2 張單人床 • 2 張雙人床 • 2 張沙發床,
diamondvilla,13971,http://tinyurl.com/y5weyawr,2 張雙人床 • 2 張沙發床,8.9
Liondor Osaka,13974,http://tinyurl.com/yyg35vv2,2 張單人床 • 2 張雙人床,
BL Taisho 5,13977,http://tinyurl.com/y3hwnf3s,床型： 2 張雙人床 和 1 張沙發床,7.6
Family suite house 7,14033,http://tinyurl.com/y5993cul,4 張雙人床 • 2 張沙發床,
La・Foret Shimanouchi 904,14181,http://tinyurl.com/yystr4ez,床型： 2 張雙人床 和 1 張沙發床,
La・Foret Shimanouchi 901,14181,http://tinyurl.com/yxwqjl2l,床型： 2 張雙人床 和 1 張沙發床,
Y's condo,14181,http://tinyurl.com/y5gwon9c,"床型： 3 張單人床 , 3 張雙人床 和 1 張沙發床",
#2 Soliel Shinsaibashi,14181,http://tinyurl.com/y32k665f,床型： 3 張雙人床,
La・Foret Shimanouchi 903,14181,http://tinyurl.com/y6bjf7cj,2 張雙人床 • 1 張沙發床,
Ostay Kuromon Liberty Palace（Ostay 黑門自由宮公寓）,14222,http://tinyurl.com/y42pqp7w,2 張雙人床 • 1 張沙發床 • 1 張日式床舖,7.9
Shimanouchi AFP J Apartment,14299,http://tinyurl.com/yxkcavtj,床型： 3 張雙人床,8.3
Machi de kurasu Tengachaya-3,14329,http://tinyurl.com/y4epujbz,6 張日式床舖,
H20 Stay Namba VII,14402,http://tinyurl.com/y53ldw69,床型： 4 張雙人床,
CASA 703 Namba Area for 6 people,14476,http://tinyurl.com/y3u6tn8m,床型： 3 張雙人床 和 1 張沙發床,
Goemon,14598,http://tinyurl.com/y5usoww2,1 張單人床 • 1 張雙人床 • 6 張日式床舖,
Hostel Forum Apartment 202,14624,http://tinyurl.com/y58cybxk,床型： 2 張雙人床 和 4 張沙發床,
Grandouce Namba-Higashi Ⅱ,14642,http://tinyurl.com/y25jtkth,床型： 4 張雙人床,7.6
Tennnouji SunPlaza,14687,http://tinyurl.com/y4ou4utx,床型： 3 張雙人床 和 1 張沙發床,
Mobius Kyomachibori,14713,http://tinyurl.com/y55ks59h,"床型： 2 張雙人床 , 1 張沙發床 和 2 張日式床舖",
Newly Renovated 4 Bedroom Villa Heart of Osaka,14735,http://tinyurl.com/y2vvuvhb,床型： 5 張雙人床,
Naｍba west SAIKA,14741,http://tinyurl.com/yxc7hqfc,6 張單人床,7.5
Sora Hostel（宇宙旅舍）,14772,http://tinyurl.com/y4ygc7xh,床型： 8 張單人床,8.4
Etoile Matsuzaki,14772,http://tinyurl.com/yxptfm3r,2 張雙人床 • 1 張沙發床,7.5
Localnism NOE,14772,http://tinyurl.com/y5g9p2dj,2 張單人床 • 2 張雙人床 • 2張床位,8.3
Shinsaibashi House 15,14772,http://tinyurl.com/y4ogx2qh,3 張雙人床 • 1 張沙發床,8.5
Morinomiya House,14772,http://tinyurl.com/y6lerq3o,5 張單人床 • 3 張雙人床,
RakutenSTAY & Shamaison Osakadekijimaekimae / Vacation STAY 3029,14890,http://tinyurl.com/y29y2egd,4 張雙人床 • 1 張沙發床,9.0
Briller Nakazaki（布利勒中崎酒店）,14890,http://tinyurl.com/y474ykot,床型： 6張床位,8.3
Tsujisyo Heights,15038,http://tinyurl.com/y4jnkc74,1 張單人床 • 7 張日式床舖,7.9
グランソレイユ日本橋,15067,http://tinyurl.com/y3pp447l,2 張雙人床 • 2 張單人床 • 3 張日式床舖,
Naniwa Tsutenkaku Residence（通天閣浪花公寓）,15100,http://tinyurl.com/y34oueht,3 張沙發床 • 3 張雙人床,7.9
Apartment in Osaka 514368（大阪514368號公寓）,15206,http://tinyurl.com/y55j2qhf,3 張單人床 • 1 張雙人床,
Lipelala Stay 505,15244,http://tinyurl.com/y5nj8hmr,床型： 4 張雙人床 和 2 張沙發床,
Sen,15247,http://tinyurl.com/y2jmwbkf,"床型： 2 張單人床 , 3 張雙人床 和 1 張沙發床",8.2
SUNRISE Osaka Castle Park Warm Apartment ZD-201,15293,http://tinyurl.com/y6hjh4ec,1 張雙人床 • 4 張日式床舖,
Seaside Room Shinimamiya,15293,http://tinyurl.com/y2ldzoud,床型： 5 張單人床,
Tennoji Abeno 2 mins to JR Cozy Apartment 02,15293,http://tinyurl.com/y4vuqkbv,床型： 5 張單人床,
ir inn_annex202 Stylish private room for 6 Near Shinsekai 22 25,15293,http://tinyurl.com/y528enen,床型： 6 張單人床,
Cozy Old House 6LDK Near Namba ZY-1,15293,http://tinyurl.com/yyyvatf2,床型： 3 張特大雙人床 和 6 張日式床舖,
H2O Stay Tsuruhashi,15363,http://tinyurl.com/y3k4eng9,10 張單人床 • 4 張雙人床 • 2 張沙發床,8.7
Osaka Namba Hostel Miyabi（大阪難波雅旅舍）,15459,http://tinyurl.com/y4n8atb4,床型： 6張床位,8.5
Namba_Kuromon_KMR0002B,15510,http://tinyurl.com/yxthntov,1 張單人床 • 1 張雙人床 • 1 張沙發床 • 2 張日式床舖,
Casa Rar,15510,http://tinyurl.com/y38wkjhm,8 張日式床舖,
Sleepers Guesthouse（沙發床旅舍）,15510,http://tinyurl.com/yxhl4q5g,8張床位,8.6
Exe Osaka-Jo Minami（大阪城南 EXE 公寓）,15510,http://tinyurl.com/y4suplrz,床型： 1 張雙人床 和 2 張沙發床,7.9
Buena Vista Namba South（南難波好風景公寓）,15541,http://tinyurl.com/y6mzw92x,2 張雙人床 • 1 張沙發床,7.7
Comfort Self Hotel Meito Fuji,15591,http://tinyurl.com/yxb3dah3,床型： 1 張雙人床,
Tachibana Vila,15599,http://tinyurl.com/y35ph6wy,3 張雙人床,
住吉テラスハウス,15628,http://tinyurl.com/y4u8wzr2,4 張單人床 • 1 張雙人床,
Namba_Sakuragawa_SKR0009B,15658,http://tinyurl.com/y554uvew,2 張雙人床 • 1 張沙發床,
Wa Modern,15820,http://tinyurl.com/y3n4fmxm,3 張單人床 • 3 張日式床舖,
HATCH NAGAHORI 701,15953,http://tinyurl.com/y3kzjzzp,2 張雙人床 • 1 張沙發床,
Beaver Dam,15953,http://tinyurl.com/y4y99pw9,床型： 3 張雙人床,8.1
TAKASOL OSAKA,15953,http://tinyurl.com/y4ce3tut,6 張雙人床 • 2 張沙發床,
Ark Hostel（方舟旅舍）,15953,http://tinyurl.com/y6av7v8s,床型： 6張床位,8.7
HATCH NAGAHORI 601,15953,http://tinyurl.com/yy97rboa,床型： 2 張雙人床 和 1 張沙發床,8.8
HATCH NAGAHORI 401,15953,http://tinyurl.com/y524twuj,床型： 2 張雙人床 和 1 張沙發床,
Villa Osaka Ebisunishi,15953,http://tinyurl.com/yxayy6at,床型： 6 張雙人床,
New Open MGranz Osaka Castle Park MT-601,16058,http://tinyurl.com/y4h4o8p7,床型： 2 張單人床 和 2 張雙人床,
New Open MGranz Osaka Castle Park MT-401,16058,http://tinyurl.com/y3a3p2fv,2 張單人床 • 2 張雙人床,
FR-1 Open sales 17mins to Namba,16058,http://tinyurl.com/yxz29l7w,床型： 9 張單人床 和 2 張雙人床,
Blossom River 1F,16072,http://tinyurl.com/y5cn96hh,"床型： 2 張單人床 , 2 張雙人床 和 4張床位",8.6
SEKAI HOTEL Nishikujyo,16131,http://tinyurl.com/y4db5vru,床型： 1 張雙人床 和 2張床位,8.6
Guest House Sowaka 1,16249,http://tinyurl.com/y2npceb2,床型： 8 張日式床舖,
Daikokucho Guest House,16249,http://tinyurl.com/y3wkfoed,1 張雙人床 • 1張床位 • 1 張沙發床,
Guest House Laule'a Tennoji,16249,http://tinyurl.com/yyvqacer,1 張單人床 • 2 張雙人床 • 1 張沙發床,9.4
Guest House Twenty-Seven 27,16249,http://tinyurl.com/y5ppp4ra,3張床位,8.2
Green View Tennoji,16249,http://tinyurl.com/y5s9sth5,"床型： 3 張雙人床 , 3 張沙發床 和 2 張日式床舖",6.6
Azami Stay Daikokucho（大黑著薊公寓）,16249,http://tinyurl.com/yygq5jqs,床型： 2 張雙人床 和 2 張沙發床,6.8
Nippombashi House K03,16249,http://tinyurl.com/yynqr99q,"床型： 2 張單人床 , 3張床位 和 1 張沙發床",
SOLEIL心斎橋,16308,http://tinyurl.com/y5u4xxb7,床型： 3 張雙人床,7.7
H2O Stay Namba V #303,16323,http://tinyurl.com/y3j3rv24,3 張雙人床,
H2O Stay Namba V 203,16323,http://tinyurl.com/y5ts57hu,3 張雙人床,7.0
IKIDANE HOUSE Namba Minami,16544,http://tinyurl.com/yynw4bzw,1 張雙人床 • 1 張沙發床 • 3 張日式床舖,
M-1 Osaka Tsukamoto,16618,http://tinyurl.com/y2avo8rj,"床型： 1 張單人床 , 3 張雙人床 和 1 張沙發床",9.1
旅籠屋 Hatagoya Osaka,16642,http://tinyurl.com/y3nbz3yu,"床型： 4 張單人床 , 2 張雙人床 , 1 張沙發床 和 3 張日式床舖",9.1
KUJIRA VIP Rm New Japanese Lodging 8 min to Namba,16668,http://tinyurl.com/y5yr9sc7,床型： 1 張日式床舖,
Comfy room in Osaka 101,16673,http://tinyurl.com/y5n53mkb,1 張單人床 • 2 張雙人床,
Comfy room in Osaka 104,16673,http://tinyurl.com/y2jyp2go,3 張雙人床,
Aliveio House,16751,http://tinyurl.com/y2pho6d2,"床型： 1 張單人床 , 5 張雙人床 和 1 張沙發床",
IHABNSJ Osaka Central Tennoji10min Shinsekai15min Max6,16822,http://tinyurl.com/y5oxdcpa,5 張單人床,
Alex Apartment in Chausuyamacho 602（天王寺艾利克斯602公寓）,16822,http://tinyurl.com/y3f3773j,2 張雙人床 • 2 張日式床舖,9.0
Aozora whole floor apt ShinOsaka walk 8min 7 pax,16822,http://tinyurl.com/y2guxr4a,1 張雙人床 • 4 張日式床舖,
Alex Apartment in Chausuyamacho 403（茶臼山町艾利克斯403公寓）,16822,http://tinyurl.com/y67h24lw,2 張雙人床 • 2 張日式床舖,
Alex Apartment in Chausuyamacho 502（茶臼山町502亞歷克斯公寓）,16822,http://tinyurl.com/y4g2c4jx,床型： 2 張雙人床 和 2 張日式床舖,8.3
Alex Hotel And Resorts Tennoji 402（天王寺402亞歷克斯度 假公寓）,16822,http://tinyurl.com/y3ovjpro,床型： 2 張雙人床 和 2 張日式床舖,8.3
Alex Apartment in Chausuyamacho 203,16822,http://tinyurl.com/y4428afe,床型： 2 張雙人床 和 2 張日式床舖,
Alex Apartment in Chausuyamacho 503,16822,http://tinyurl.com/y4gr446s,床型： 2 張雙人床 和 2 張日式床舖,
Namba Takashimaya 5-mins apartment PA-6C,16822,http://tinyurl.com/y67o4zn7,2 張雙人床 • 2 張日式床舖,
Alex Apartment in Chausuyamacho 302（艾利克斯302號公寓- 茶臼山町）,16822,http://tinyurl.com/y24tuxxo,床型： 2 張雙人床 和 2 張日式床舖,8.5
Alex Apartment in Chausuyamacho 401（茶臼山町艾利克斯401公寓）,16822,http://tinyurl.com/y6sdo3rk,床型： 2 張雙人床 和 2 張日式床舖,
Alex Apartment in Chausuyamacho 301（茶臼山町301號阿萊克斯公寓）,16822,http://tinyurl.com/yxdpr4g4,2 張雙人床 • 2 張日式床舖,8.1
Alex Apartment in Chausuyamacho 303（茶臼山町艾利克斯303公寓）,16822,http://tinyurl.com/yxcju9pq,床型： 2 張雙人床 和 2 張日式床舖,
shatō noichi 202,16840,http://tinyurl.com/yx8vm24m,1 張單人床 • 3 張雙人床,
Hostel Forum Apartment 302,16840,http://tinyurl.com/y3xrre3f,床型： 2 張雙人床 和 3 張沙發床,
Honjin Hostel,16896,http://tinyurl.com/y4pwh227,6張床位,9.2
Beauty Villa Tengachaya 302,16950,http://tinyurl.com/yxd84zth,6 張雙人床 • 1 張沙發床,
Beauty Villa Tengachaya 301,16950,http://tinyurl.com/y56ecgme,5 張雙人床 • 1 張沙發床,
Excellent Black,16950,http://tinyurl.com/y5ceedo7,床型： 3 張雙人床,
Takuto Stay Kyobashi Tsumiki（居橋積木旅館）,16957,http://tinyurl.com/y5u27lj5,床型： 6張床位,8.6
BL Hata 4,16973,http://tinyurl.com/y6dv8tq8,3 張單人床 • 1 張雙人床 • 1 張沙發床,
White Studio 3 Bdrm CV,16974,http://tinyurl.com/y2f2tna8,床型： 5 張單人床,
Apartment in Osaka MN-203,17060,http://tinyurl.com/y47b4yq4,1 張雙人床 • 2 張沙發床,6.8
BL Sakura,17076,http://tinyurl.com/y5xx5oz5,床型： 2 張雙人床 和 1 張沙發床,
The Bamboo Moon Palace / Shin-Osaka,17138,http://tinyurl.com/y2q463oo,床型： 4 張雙人床 和 7 張日式床舖,8.4
2 bed room near Osaka Castle.#202,17188,http://tinyurl.com/yxr7mj3b,2 張單人床 • 2 張雙人床 • 1 張沙發床,
Hostel Tankai（淡海旅館）,17206,http://tinyurl.com/y43vnjva,5張床位 • 2 張日式床舖,8.5
Bright Big 1RM 10 Minutes Namba Upto 8 Guest,17261,http://tinyurl.com/y4kdkx2u,床型： 2 張雙人床 和 4 張沙發床,
Orange House,17283,http://tinyurl.com/yykclfmu,床型： 3 張雙人床 和 1 張沙發床,7.9
Shinsaibashi Elegant Apartment（心齋橋典雅公寓）,17290,http://tinyurl.com/y5x785jd,床型： 2 張雙人床 和 2 張沙發床,8.7
I Osaka House（愛大阪之家旅館）,17389,http://tinyurl.com/yxwvtnbr,床型： 6張床位,7.0
Namba_Daikoku_DAR0007B,17578,http://tinyurl.com/y6nqlfhd,"床型： 2 張雙人床 , 2 張沙發床 和 6 張日式床舖",
BL Hata 23,17587,http://tinyurl.com/y2v8valz,3 張單人床 • 2 張雙人床 • 2 張沙發床,8.7
Designer Pent House Doutonbori East（東道頓崛設計師頂樓公寓）,17615,http://tinyurl.com/y3dhut2r,床型： 2 張雙人床 和 2 張沙發床,9.1
Hotel Metro Hanazonocho（梅特羅花園著酒店）,17726,http://tinyurl.com/yxhomgmk,"床型： 3 張雙人床 , 1 張沙發床 和 2 張日式床舖",7.5
West Area Tsutenkaku 2,17726,http://tinyurl.com/y2k446mv,床型： 2 張雙人床 和 1 張沙發床,
Private room Bianco（比安科私人客房旅館）,17726,http://tinyurl.com/yy37pemh,4 張單人床 • 1 張雙人床,9.0
越前601· 日本橋商店街徒歩3分· 難波エリア· 恵比須町2分,17726,http://tinyurl.com/y4t4s2sq,床型： 7 張雙人床 和 1張床位,
Namba Hara apartment（難波哈拉公寓）,17726,http://tinyurl.com/yxvfco34,床型： 4 張單人床 和 2 張雙人床,7.1
SUN HOUSE. サン ハウス 丹陽之家,17726,http://tinyurl.com/y34hsxgl,床型： 1 張單人床 和 5 張日式床舖,8.6
Shinsaibashi Designer's apartment,17726,http://tinyurl.com/y4fs9nhp,2 張雙人床 • 1 張沙發床,
Hostel Enisia Namba（難波英尼希亞旅舍）,17726,http://tinyurl.com/y3ltqfz9,床型： 8張床位,8.9
Holiday Home Nagomi（平靜度假屋）,17726,http://tinyurl.com/y6sjy63q,床型： 3 張雙人床 和 2 張日式床舖,8.8
Hanmadang（漢馬丹旅館）,17726,http://tinyurl.com/yxmy5xef,床型： 3張床位,8.0
Number One（最佳賓館）,17726,http://tinyurl.com/y2ac9bfu,床型： 2 張雙人床 和 4 張日式床舖,9.2
Bonsai Guest House（盆景旅館）,17726,http://tinyurl.com/y436vkaf,6張床位,8.5
Minn Osaka-North,17726,http://tinyurl.com/y6be553d,2 張單人床 • 1 張雙人床 • 1張床位 • 1 張沙發床,8.9
Shi-lmamiya Tsutenkaku Nana Villa（新今宮通天閣娜娜別墅）,17726,http://tinyurl.com/yxqhmv7z,1 張單人床 • 3 張雙人床 • 1 張沙發床 • 2 張日式床舖,8.0
Shinonome-東雲-,17726,http://tinyurl.com/y2shp4uf,8 張單人床,
Blanche Abeno Mansion,17726,http://tinyurl.com/yywz2c2m,4 張單人床 • 2 張沙發床,
"Junfukuya(153-1,2)",17731,http://tinyurl.com/y5l7es95,"床型： 2 張單人床 , 4 張雙人床 和 1 張加大雙人床",7.7
Grandouce Higashi-Shinsaibashi,17779,http://tinyurl.com/y69nzoqf,床型： 2 張雙人床 和 1 張沙發床,8.9
FDS Liberta,17874,http://tinyurl.com/y2myqyy4,床型： 4 張單人床 和 1 張沙發床,9.0
FDS Dernier,17874,http://tinyurl.com/y4ugywsa,4 張單人床 • 1 張沙發床,8.5
Bijou Suites Central（比茹套房中央度假屋）,17877,http://tinyurl.com/y6zgj6bd,床型： 7 張日式床舖,8.1
IKIDANE HOUSE Osaka Kyobashi NEI,17948,http://tinyurl.com/y637jku4,床型： 2 張單人床 和 3 張雙人床,
Guest House Tengachaya,18051,http://tinyurl.com/y58kt3qu,床型： 6 張單人床,
New Well-furnitured House near Umeda,18169,http://tinyurl.com/y6g4pguo,"床型： 2 張單人床 , 1 張雙人床 和 1 張沙發床",
Akizero Apartment CO-301（阿基澤羅CO-301號公寓）,18200,http://tinyurl.com/y5lg9l2f,3 張雙人床 • 2 張日式床舖,
Shinsaibashi House,18243,http://tinyurl.com/yy7h7vec,床型： 4 張單人床 和 2張床位,8.7
Willows Minpaku,18251,http://tinyurl.com/yxpmd82j,3張床位,8.7
Akizero Apartment in Osaka BR-502,18352,http://tinyurl.com/y4cmvmo6,3 張雙人床,
Osaka Tengachaya Cozy Stay 04,18352,http://tinyurl.com/yxk3g639,2 張單人床 • 2 張雙人床 • 1 張日式床舖,
Osaka Tengachaya Cozy Stay 05,18352,http://tinyurl.com/yxbqcvct,"床型： 1 張單人床 , 3 張雙人床 和 1 張日式床舖",
Osaka Tengachaya Cozy Stay 03,18352,http://tinyurl.com/y3ulyzb5,"床型： 1 張單人床 , 3 張雙人床 和 1 張日式床舖",
New Era Reiwa SALE Large apt near USJ MK 206,18352,http://tinyurl.com/y2vgxomq,2 張單人床 • 5 張雙人床,
Z&Y HOUSE,18387,http://tinyurl.com/yysmonda,"床型： 2 張單人床 , 1 張雙人床 , 1 張沙發床 和 3 張日式床舖",
PineBrook Daikokucho（大國町松溪公寓）,18465,http://tinyurl.com/y4lyr96l,"床型： 3 張單人床 , 1 張沙發床 和 2 張日式床舖",8.0
Grandouce Casa-Comoda（格蘭多斯科莫達公寓）,18476,http://tinyurl.com/yyptq5u5,床型： 4 張雙人床 和 2 張日式床舖,8.2
Grandouce Shinsaibashi-Higashi（心齋橋東區飯店）,18581,http://tinyurl.com/y4bwwysd,"床型： 4 張雙人床 , 2 張沙發床 和 2 張日式床舖",6.6
Ryokoheya Tenrokukan（天六館）,18612,http://tinyurl.com/y63z6pfg,床型： 7 張日式床舖,9.3
Studio Minamisenba 405,18612,http://tinyurl.com/yxt73p6j,床型： 3 張雙人床 和 2 張沙發床,
OSAKA MACHIYA Tatami house,18612,http://tinyurl.com/yyymg3lp,"床型： 1 張單人床 , 2 張沙發床 和 2 張日式床舖",
Gush（古什旅館）,18612,http://tinyurl.com/yyyo8fdr,床型： 6張床位,8.2
Namba_KUROMON_KMR0007B（難波黑門市場 KMR0007B 公寓）,18612,http://tinyurl.com/y2odjneq,床型： 3 張日式床舖,6.3
Heights Matsuyamachi410,18612,http://tinyurl.com/y6jrq3au,"床型： 2 張雙人床 , 2 張沙發床 和 1 張日式床舖",
Casa Ambrosia（安布羅西亞之家旅館）,18819,http://tinyurl.com/y3b7tze7,床型： 8張床位,6.6
Yoshi Yoshi Homestay,18825,http://tinyurl.com/y3ed7j7q,"床型： 1 張沙發床 , 1 張加大雙人床 和 7 張日式床舖",
Beauty Villa Tengachaya 201,18834,http://tinyurl.com/y68je8s6,5 張雙人床 • 1 張沙發床,
Beauty Villa Tengachaya 102,18834,http://tinyurl.com/y4ynelyp,床型： 4 張雙人床 和 1 張沙發床,
Ryokoheya Awajikan（淡路館度假屋）,18908,http://tinyurl.com/y2n7msof,1 張單人床 • 1 張雙人床 • 4 張日式床舖,8.9
K3 Samy's Guest House Kujo,18908,http://tinyurl.com/yyjvgkke,"床型： 2 張單人床 , 1張床位 和 2 張日式床舖",
PG Kuromon,18945,http://tinyurl.com/yxhcaxc6,"床型： 1 張單人床 , 2 張雙人床 和 2 張沙發床",7.6
Lumiere Sunset 401,18945,http://tinyurl.com/y2afr2xy,床型： 3 張單人床 和 2 張雙人床,
Lumiere Sunset 402,18945,http://tinyurl.com/y4w8doua,3 張單人床 • 2 張雙人床,
Guest house Jakotel Namba,19055,http://tinyurl.com/y4pgjs7m,床型： 8張床位,6.4
Adel Ⅱ / Vacation STAY 2383,19191,http://tinyurl.com/y5bc29zx,床型： 2 張雙人床 和 1 張沙發床,
Adel Ⅱ / Vacation STAY 2382,19191,http://tinyurl.com/y5tc8xnc,床型： 2 張雙人床 和 1 張沙發床,
Adel Ⅱ / Vacation STAY 2385,19191,http://tinyurl.com/y3tzme4v,2 張雙人床 • 1 張沙發床,
Central House（中央之家公寓）,19203,http://tinyurl.com/y4zxxvu6,3 張單人床 • 3 張日式床舖,9.1
Ryojin Ann（羅伊金安公寓）,19203,http://tinyurl.com/y3g3qwho,床型： 10 張單人床,9.0
Grand Sky Shin-Osaka Central Lodge,19203,http://tinyurl.com/yxq5aeu4,2 張日式床舖 • 2 張雙人床 • 2 張沙發床,
Ninja House,19203,http://tinyurl.com/y4s9zcnr,1 張沙發床 • 6 張日式床舖,
Ebisu Osaka Guest House,19203,http://tinyurl.com/yxzlozjl,2 張雙人床 • 2 張沙發床,7.9
Hanazonominami Apartment 101,19203,http://tinyurl.com/y3ctnjw3,床型： 3 張雙人床,
Nk House Osaka,19203,http://tinyurl.com/y6lzcgks,4 張單人床,8.6
Akizero Apartment CO-403（阿基澤羅CO-403號公寓）,19271,http://tinyurl.com/y669cv6j,3 張雙人床 • 2 張日式床舖,
Shinobi,19277,http://tinyurl.com/y6poa9sj,6 張日式床舖,
Bon Hostel（邦青旅）,19357,http://tinyurl.com/y2brxvwz,床型： 6張床位,8.4
The Neighbors（鄰居旅館）,19357,http://tinyurl.com/y2fteyn5,床型： 4 張雙人床 和 1 張沙發床,7.6
Samy's Guest House KS,19389,http://tinyurl.com/y2frlmv3,7 張單人床 • 1 張雙人床 • 1 張沙發床,
Rafine Nihonbashi 203 / Vacation STAY 4099,19439,http://tinyurl.com/y4lu3wbk,床型： 3 張雙人床,
Rafine Nihonbashi / Vacation STAY 4348,19439,http://tinyurl.com/y2tpebcs,床型： 3 張雙人床,
Feel Tradition 6DK House(204-2),19457,http://tinyurl.com/yxrcwlch,"床型： 6 張單人床 , 1 張雙人床 和 2 張日式床舖",8.3
Grande Famille Shimanouchi Dotonbori Condo,19466,http://tinyurl.com/y2atvu2h,1 張單人床 • 1 張雙人床 • 2 張沙發床,7.6
Studio Minamisenba 202,19499,http://tinyurl.com/y54zgy3a,1 張雙人床 • 2 張沙發床,
Orange House West 1,19499,http://tinyurl.com/y62qeprl,4 張雙人床 • 1 張沙發床,
Ace Imazato,19499,http://tinyurl.com/y6ee63kq,床型： 8 張單人床,
GATE80 nagai stadium,19646,http://tinyurl.com/y4sd337v,2 張雙人床 • 2 張日式床舖,
Guest House K2,19720,http://tinyurl.com/y52jysx2,5 張單人床 • 1 張沙發床,
Samy's Guest House K1,19757,http://tinyurl.com/y2pny8m8,"床型： 5 張單人床 , 3 張雙人床 和 1 張沙發床",
BL Nibiiro 123,19794,http://tinyurl.com/y65cat9z,床型： 2 張雙人床 和 2 張沙發床,
The Cave,19794,http://tinyurl.com/y278nmed,7 張雙人床 • 1 張沙發床 • 1 張日式床舖,
Heart of Shinsaibashi Apartment（心齋橋中心公寓）,19831,http://tinyurl.com/yy6lv89d,床型： 2 張雙人床 和 1 張沙發床,9.0
Arit Building Daikokucho 713 / Vacation STAY 3424,19853,http://tinyurl.com/yxhvouns,2 張雙人床 • 1 張沙發床,
Momodani House 501,19853,http://tinyurl.com/y2udlkgj,床型： 2 張雙人床 和 2 張沙發床,
Krehl Namba Minami,19853,http://tinyurl.com/y2rdklw6,2 張雙人床 • 2 張日式床舖,
ir inn annex101 Spacious Family Room Near Shinsekai 11,19881,http://tinyurl.com/y6dro694,8 張單人床,
Apartment in Ebisunishi FF122（艾畢蘇尼市FF122公寓）,19881,http://tinyurl.com/y3ycgwn2,床型： 3 張單人床 和 3 張日式床舖,5.9
Elegant Pink,19942,http://tinyurl.com/y6ao5h7k,床型： 3 張雙人床,
Modern Gray,19942,http://tinyurl.com/y2nwesca,3 張雙人床,
«EarthLounge» Real Local Flavor（«EarthLounge» 特別有日本風土人情的家）,19942,http://tinyurl.com/yysq9due,"床型： 2 張單人床 , 2 張雙人床 和 4 張日式床舖",
Elegant Blue,19942,http://tinyurl.com/y5zxbfnh,6 張單人床,
Studio Minamisenba 201,20045,http://tinyurl.com/y2yyjbbc,床型： 1 張雙人床 和 2 張沙發床,
BL Nibiiro 4,20089,http://tinyurl.com/yy6r8azj,床型： 2 張雙人床 和 1 張沙發床,
Guest House Matsu（松旅館）,20163,http://tinyurl.com/yxjv63r3,床型： 5張床位,9.3
Jakotel Apartment Namba（難波雅科特爾公寓）,20163,http://tinyurl.com/y5m4gu66,床型： 6 張日式床舖,7.7
Sun Village Tsuruhashi（鶴橋旭日村旅館）,20205,http://tinyurl.com/y59hv5nv,床型： 8張床位,8.8
Penthouse 3bedroom Central Osaka（大阪中心三臥室頂層公寓）,20385,http://tinyurl.com/y2jvr4dp,2 張單人床 • 4 張雙人床 • 1 張沙發床,8.6
Bijou Suites AI,20385,http://tinyurl.com/y5y9k9pk,床型： 2 張雙人床 和 2 張日式床舖,
Studio Minamisenba 901,20385,http://tinyurl.com/y3rdv5ph,床型： 4 張雙人床 和 2 張沙發床,
Studio Minamisenba 704,20385,http://tinyurl.com/y373o3vz,"床型： 1 張雙人床 , 2 張沙發床 和 3 張日式床舖",
Shinsekai House,20385,http://tinyurl.com/y4fu229r,床型： 4 張雙人床 和 1 張沙發床,
Chachamaru Osaka Castle Park,20420,http://tinyurl.com/y5ns3ag4,床型： 2 張單人床 和 3 張雙人床,
Apartment in Osaka A（大阪A公寓）,20645,http://tinyurl.com/y5hc46jq,床型： 4 張單人床 和 1 張日式床舖,
B-2A Apartments 2LDK 2-6 Jakotel Namba,20645,http://tinyurl.com/yxkl5omt,床型： 6 張日式床舖,
STAY in the City AMEMURA（STAY in the City AMEMURA ）,20651,http://tinyurl.com/yyvad5k9,6張床位,8.6
COZY ROOM Japanese modern（日式現代舒適公寓）,20680,http://tinyurl.com/y539yfss,床型： 6 張單人床,8.6
First House（首府公寓）,20680,http://tinyurl.com/y2utzrb4,床型： 2 張單人床 和 4 張日式床舖,8.8
Jostar House 402（喬斯達 402 公寓）,20680,http://tinyurl.com/y2ez74nl,4 張雙人床 • 2 張沙發床 • 2 張日式床舖,8.2
Chidori Asahi no ie,20680,http://tinyurl.com/y46mtpmd,"床型： 1 張雙人床 , 4 張沙發床 和 4 張日式床舖",6.7
Family house (private house),20680,http://tinyurl.com/y6b5aca3,6 張單人床,9.7
YUMEJI Mansion,20680,http://tinyurl.com/y38rah8g,"床型： 1 張單人床 , 2 張雙人床 和 3 張日式床舖",
Carpe Diem Home,20775,http://tinyurl.com/y3nzkh35,5 張雙人床 • 1 張沙發床,6.5
Jpride Uemachidai Condo,20872,http://tinyurl.com/y4q6jg3f,床型： 6 張雙人床 和 2 張沙發床,8.3
Seta piena(D),20939,http://tinyurl.com/y3sga9vo,"床型： 1 張單人床 , 3 張雙人床 , 4 張沙發床 和 2 張日式床舖",8.8
Seta piena(B),20939,http://tinyurl.com/y4kbrlas,"床型： 3 張雙人床 , 3 張沙發床 和 4 張日式床舖",8.6
Seta piena(A),20939,http://tinyurl.com/y3hbg6x4,"床型： 3 張雙人床 , 3 張沙發床 和 4 張日式床舖",8.6
Seta piena(C),20939,http://tinyurl.com/y4hpvhsv,3 張雙人床 • 3 張沙發床 • 4 張日式床舖,
ES41 NewlyaBuilt LuxuryAPT 7minswalk Shinsaibashi,21027,http://tinyurl.com/yyuvxm9s,1 張單人床 • 3 張雙人床,
«EarthLounge» Modern and Tradition,21050,http://tinyurl.com/y36dog2p,2 張單人床 • 1 張雙人床 • 6 張日式床舖,
«EarthLounge» Japanese Local Hideaway（放鬆舒適的家）,21050,http://tinyurl.com/y593qalf,3 張雙人床 • 1 張沙發床 • 2 張日式床舖,
Minn Juso,21050,http://tinyurl.com/y4zfv5oo,2 張單人床 • 1張床位 • 2 張沙發床,8.6
Renka Minpaku 301,21104,http://tinyurl.com/y48wv3bx,3 張雙人床,
Renka Minpaku 201,21104,http://tinyurl.com/y4xs4utq,1 張單人床 • 2 張雙人床 • 1 張日式床舖,
ES32 NewlyBuilt LuxuryAPT 7minswalk Shinsaibashi,21256,http://tinyurl.com/y2r6z7uv,床型： 3 張雙人床,
UIhome Kohamanishi Apartment,21271,http://tinyurl.com/y66wcj2c,床型： 1 張雙人床 和 6 張日式床舖,
Bijou Suites Cyan,21271,http://tinyurl.com/y3ndaeqw,床型： 2 張雙人床 和 1 張沙發床,
Old Japanese-style house in Noda,21271,http://tinyurl.com/yyh3poc7,床型： 10 張日式床舖,
BL New Sanko 21,21271,http://tinyurl.com/y48zq88h,4 張雙人床 • 1 張沙發床,
Meet Me Umeda Nishi（梅梅西麥特公寓式酒店）,21271,http://tinyurl.com/y6nlbd87,床型： 1 張雙人床 和 4 張日式床舖,8.8
Apartment VR Shinsaibashi DOR0075B,21271,http://tinyurl.com/y3fvgu8z,2 張雙人床 • 2 張沙發床,
Building A 5Rooms Osaka Mj Share House,21410,http://tinyurl.com/y2lv8ahx,床型： 5 張日式床舖,
Akizero Apartment CO-303（阿基澤羅CO-303號公寓）,21412,http://tinyurl.com/y3nwpc5l,床型： 3 張雙人床 和 2 張日式床舖,
Rose Heights,21419,http://tinyurl.com/y2ckzacf,3 張雙人床,8.0
Shinpoincho First Building 6F,21472,http://tinyurl.com/y6cxk2f2,4 張單人床 • 2 張雙人床 • 3 張沙發床 • 3 張日式床舖,5.0
Khaosan World Namba（考山世界難波旅舍）,21508,http://tinyurl.com/y2aagwns,床型： 6張床位,8.2
SEKAI HOTEL Fuse,21508,http://tinyurl.com/y3jw4l73,6 張單人床,9.0
Cocoroom Cafe Garden Guest House（蔻蔻魯姆咖啡花園旅館）,21508,http://tinyurl.com/y3l3945c,床型： 8 張單人床,8.9
Ikidane House Osaka Kyobashi,21537,http://tinyurl.com/y2lh3feh,4 張雙人床,9.2
RAKUYA,21697,http://tinyurl.com/y5mgtdgk,4 張雙人床 • 2 張日式床舖,
Gomaharu Guesthouse（古瑪哈魯旅館）,21714,http://tinyurl.com/y5u7hnsb,床型： 3張床位,6.9
Harbor Light Tengachaya,21817,http://tinyurl.com/yyom3wep,床型： 6 張雙人床,
JOY HOUSE / Vacation STAY 2332,21838,http://tinyurl.com/y4e4na7r,3 張雙人床 • 1 張沙發床,
stop by 心斎橋,21862,http://tinyurl.com/yxocvms4,"床型： 2 張雙人床 , 1張床位 和 2 張日式床舖",
Minn Namba,21884,http://tinyurl.com/y3cml5us,2 張雙人床 • 2張床位,9.0
The Stay Osaka Shinsaibashi,21936,http://tinyurl.com/y4ap9sdx,床型： 6張床位,9.2
Yokoduna hostel Room 605,21936,http://tinyurl.com/yy3r7cy6,床型： 1 張雙人床 和 2 張沙發床,
AirSpace Namba Minami（難波南空間公寓）,21980,http://tinyurl.com/yynlh7xk,床型： 2 張雙人床 和 1 張沙發床,7.6
GU Freedom Home,21980,http://tinyurl.com/yybldcuy,"床型： 4 張單人床 , 1 張雙人床 和 2 張沙發床",
Simple Stay Kanon Nanba Minami,22018,http://tinyurl.com/y24ojuoz,床型： 1 張單人床 和 8張床位,8.6
HOTEL MYSTAYS Otemae（MYSTAYS 大手前酒店）,22032,http://tinyurl.com/yyt5lu7s,床型： 3 張單人床 和 3 張日式床舖,7.6
Blan Chateau Osaka,22157,http://tinyurl.com/y3ezhlgw,床型： 6 張單人床,9.1
Sakura House,22157,http://tinyurl.com/y2hkxfx3,7 張單人床 • 1張床位 • 1 張沙發床,9.7
10 min to Shin-imamiya STN apartment,22157,http://tinyurl.com/yxor3huk,1 張單人床 • 2 張雙人床 • 1 張沙發床,8.5
Bijou Suites Saudade,22157,http://tinyurl.com/y6e5barg,2 張雙人床 • 1 張沙發床,
The Gratias Hotel大阪難波,22157,http://tinyurl.com/y4lsbkjz,"床型： 4 張單人床 , 1 張雙人床 和 1 張沙發床",
Hanazonominami Apartment 202,22157,http://tinyurl.com/y6l2f9qa,4 張雙人床,
Senbayashi Royal Heights,22157,http://tinyurl.com/y49hkluk,2張床位 • 2 張沙發床,
Nao's Guesthouse Ⅲ,22157,http://tinyurl.com/y35zepuq,3 張單人床 • 2 張雙人床,7.6
Toms House,22157,http://tinyurl.com/yxwor9aj,床型： 10 張單人床,
TGC Apartment C-3,22157,http://tinyurl.com/y4n6zhj2,3 張雙人床 • 1 張沙發床,9.1
町家☆Cozy Old House6LDK☆Near Namba ZY-1,22157,http://tinyurl.com/y4useg5o,"床型： 2 張單人床 , 5 張雙人床 和 1張床位",
Hanazonominami Apartment 102,22157,http://tinyurl.com/y3gpy8lf,4 張雙人床,
Hotel Sakuragawa Mansion,22157,http://tinyurl.com/y3cdqd4z,床型： 1 張雙人床 和 1 張沙發床,
Hanazonominami Apartment 201,22157,http://tinyurl.com/y3wddad5,4 張雙人床,
City Studio Namba,22157,http://tinyurl.com/y52dopnt,3 張雙人床,8.4
Osaka Guesthouse SAYURI TENGACHAYA Ekimae,22157,http://tinyurl.com/y6z46nxw,6 張日式床舖,8.8
貸切一軒家 禅,22157,http://tinyurl.com/y44gd5hu,床型： 4 張雙人床,
Funkey apartment 539159,22175,http://tinyurl.com/yyjto8sc,"床型： 6 張單人床 , 1 張雙人床 和 3 張日式床舖",
Osaka - House / Vacation STAY 4271,22335,http://tinyurl.com/y2hz838y,床型： 7 張雙人床,
BORO-YA,22335,http://tinyurl.com/y6daykmh,床型： 2 張單人床 和 4 張日式床舖,
OTR Park View Bentencho（大阪民宿弁天町OTR公園景公寓）,22412,http://tinyurl.com/y4jpcnw6,"床型： 2 張單人床 , 1 張雙人床 和 2 張日式床舖",8.4
Osaka Family condominium 夢菜館,22453,http://tinyurl.com/yyzuts69,4 張單人床 • 2 張雙人床,
Briller Universal Japon（日本布利勒環球青年旅舍）,22453,http://tinyurl.com/yxsh44aq,6張床位,8.1
IKIDANE Residential Hotel SHIMANOUCHI,22544,http://tinyurl.com/yxnjebf7,"床型： 1 張單人床 , 2 張雙人床 和 1 張沙發床",8.8
Merry Kishinosato(38-1~3),22601,http://tinyurl.com/yyfd6b29,床型： 3 張雙人床 和 4 張日式床舖,6.0
塩草2丁目4番6号 アパートメント,22661,http://tinyurl.com/y48bnr79,床型： 3 張雙人床 和 1 張沙發床,
Blossom River 2･3F,22713,http://tinyurl.com/y2cdftb7,4 張雙人床,8.5
Yokoduna hostel Room 602,22748,http://tinyurl.com/y6jzvahk,床型： 2 張雙人床 和 1 張沙發床,
Happy home,22748,http://tinyurl.com/y2vhq3es,4 張雙人床,
Reck Namba Hosting,22748,http://tinyurl.com/y35r9zo3,3 張雙人床 • 1 張沙發床,8.4
Rakusho,22867,http://tinyurl.com/y2vn35oy,6 張雙人床,
Osaka station east Large House,22896,http://tinyurl.com/y6cstpky,"床型： 4 張單人床 , 2 張雙人床 和 5 張日式床舖",7.7
Design Room Japan Legend,22896,http://tinyurl.com/yxhjcede,5 張單人床 • 2 張雙人床 • 3 張日式床舖,
MIYADO JS204,22896,http://tinyurl.com/yy4qypn9,2 張雙人床 • 3張床位 • 2 張日式床舖,
Namba Daikokucho Station West,22896,http://tinyurl.com/y4ryt68e,4 張單人床 • 1 張沙發床 • 2 張日式床舖,7.7
Very Hostel Namba（難波非常旅舍）,22933,http://tinyurl.com/yxqjf9wk,床型： 6 張日式床舖,8.4
Kazemachigusa INN,22933,http://tinyurl.com/y33mzabm,4 張雙人床 • 3 張沙發床,
Namba Takashimaya 5-mins apartment PA-403,22939,http://tinyurl.com/y4l74bfr,床型： 3 張雙人床 和 1 張日式床舖,
Namba Takashimaya 5-mins apartment PA-5A,22939,http://tinyurl.com/yy2ancpg,床型： 2 張雙人床 和 2 張日式床舖,
Namba Takashimaya 5-mins apartment PA-501,22939,http://tinyurl.com/y3bzgmwj,床型： 2 張雙人床 和 3 張日式床舖,
IKI-NEI apartment in Osaka,22939,http://tinyurl.com/yxuun5gh,1 張單人床 • 2 張雙人床 • 2 張日式床舖,
Namba Dotonbori Shinsaibashi Area 7F（日本橋7O號亞歷克斯公寓）,22940,http://tinyurl.com/y3nm57k9,床型： 1 張雙人床 和 4 張日式床舖,6.8
Universal Bay Condominium（環球灣公寓式飯店）,23044,http://tinyurl.com/y2x8ywvf,床型： 2 張雙人床 和 3 張日式床舖,9.0
ZEST Sweet,23103,http://tinyurl.com/y43s5te6,4 張雙人床,
WABI SABI OSAKA,23162,http://tinyurl.com/y3c8gasc,2 張單人床 • 6 張沙發床,
Bijou Suites Momo,23271,http://tinyurl.com/y6gh5x85,3 張雙人床,
Studio Minamisenba 803,23339,http://tinyurl.com/yyr2nxkg,床型： 4 張雙人床 和 2 張沙發床,
ShisaX梅田Relat民泊,23524,http://tinyurl.com/y59x8k4b,2 張單人床 • 2張床位 • 2 張沙發床 • 1 張日式床舖,8.4
Sakuranomiya Hotel（櫻之宮酒店）,23524,http://tinyurl.com/y3bk9yol,床型： 1 張沙發床 和 2 張日式床舖,9.0
Casa Kyobashi,23584,http://tinyurl.com/y2yc6fto,床型： 2 張雙人床 和 1 張沙發床,8.1
Nakazakicho 2 chome north home,23601,http://tinyurl.com/y5xg2vcn,床型： 3 張雙人床 和 1 張沙發床,
Tino Tsudoi,23635,http://tinyurl.com/y4ola52n,2 張雙人床 • 1 張沙發床,9.5
Sakuraya Condominium Kitahorie,23635,http://tinyurl.com/yxpbq3h7,3 張雙人床 • 2 張日式床舖,6.9
YOKEN-SHA,23635,http://tinyurl.com/yyeqodnk,2 張單人床 • 2 張雙人床 • 1 張日式床舖,
りんどうハウス大阪寺田町,23635,http://tinyurl.com/y33fftae,"床型： 1 張單人床 , 2 張雙人床 , 3 張沙發床 和 2 張日式床舖",
GuestHouse OsakaCastle,23635,http://tinyurl.com/yyu68mmx,1 張單人床 • 3 張雙人床 • 2 張沙發床,8.0
Hammock House Osaka（大阪吊床之家旅舍）,23635,http://tinyurl.com/y36ybwpb,8 張日式床舖,8.9
Shotenshita New House,23635,http://tinyurl.com/y5a4d32k,3 張雙人床 • 2 張沙發床,
Wakaba Sō,23635,http://tinyurl.com/yydtmbqj,"床型： 5 張單人床 , 1 張雙人床 和 13 張日式床舖",8.4
Apartment Namba Amenity DAR0048B,23635,http://tinyurl.com/y3p96ud3,床型： 5 張雙人床,
Tamade Naka House1,23827,http://tinyurl.com/y2ymqkf3,1 張單人床 • 4 張雙人床 • 1 張日式床舖,
DGNPBB Nipponbashi Namba Dotonbori Shinseikai Apartment #B 6ppl,23930,http://tinyurl.com/y5uw9ng6,床型： 1 張沙發床 和 4 張日式床舖,
Osaka Toyosaki - Araki house #YF1,23930,http://tinyurl.com/y45max88,床型： 4 張日式床舖,
pokapokahotel（博卡博卡酒店）,23930,http://tinyurl.com/y2eb4nmd,床型： 4張床位,
DGUSJA Apartment One station from USJ #A 6ppl,23930,http://tinyurl.com/yyxltb7k,2 張雙人床 • 1 張沙發床,
Kintetsu Friendly Hostel Osaka Tennoji Park（大阪天王寺公園近鐵友誼旅舎）,23930,http://tinyurl.com/y6klaenr,床型： 8張床位,9.2
Prime Inn Nippombashi Ⅱ,24196,http://tinyurl.com/y2y8lpck,3 張雙人床 • 1 張沙發床,6.7
Juso Yado（十三宿度假屋）,24226,http://tinyurl.com/y3ag4zqc,床型： 8 張日式床舖,9.3
Apartment in Nishinari 552570,24254,http://tinyurl.com/y2cmam4h,"床型： 1 張單人床 , 2 張雙人床 和 5 張日式床舖",
nedoco OSAKA WEST（大阪西區尼都可公寓）,24362,http://tinyurl.com/y657xrxc,床型： 3張床位,9.1
T's Funahashi,24373,http://tinyurl.com/yy4mh265,2 張單人床 • 1 張雙人床 • 1 張沙發床,
IKIDANE HOUSE Osaka TSURUHASHI,24409,http://tinyurl.com/y5ansxe9,床型： 4 張雙人床,
YUYU House - Kohama Maruko,24536,http://tinyurl.com/y33rscks,床型： 2 張特大雙人床 和 2 張日式床舖,
174-1 Modern Style House with 5Bed room 12Bed for 18PAX（174-1現代風格旅館- 帶5間臥室（12張床） - 18人入住）,24579,http://tinyurl.com/y3scpjek,3 張單人床 • 6 張雙人床 • 3 張日式床舖,
Shinsaibashi_Matsuya_MAH0001B,24816,http://tinyurl.com/y4cs8pxc,床型： 2 張沙發床 和 4 張日式床舖,
Watanabe Building 2F / Vacation STAY 3970,24816,http://tinyurl.com/y67zrgey,"床型： 3 張單人床 , 1 張雙人床 和 1 張沙發床",
YUYU House in Imazado - Primeyu KiKi,24887,http://tinyurl.com/y4u3mght,床型： 8 張日式床舖,
Bijou Suites Zero（比茹零套房旅館）,24897,http://tinyurl.com/y4dwd7vl,3 張雙人床 • 1 張沙發床,8.0
Maru House,24994,http://tinyurl.com/y38d5m6x,6張床位,8.3
305 Apartment in Higashiyodogawa,25081,http://tinyurl.com/y449aogm,床型： 4 張單人床,
Mikawa House Osaka Castle,25112,http://tinyurl.com/y255opry,床型： 4 張單人床,8.3
Guesthouse Sangenyanishi（桑根雅尼旅館）,25112,http://tinyurl.com/y23yxhek,床型： 3 張雙人床 和 2 張沙發床,8.6
soleil Universal Fukushima Noda,25112,http://tinyurl.com/y28b2qkk,7 張雙人床 • 1 張沙發床,
Morinomiya Yado,25112,http://tinyurl.com/y49e2vdg,床型： 4 張單人床 和 1張床位,
Base Osaka（大阪基地旅舍）,25112,http://tinyurl.com/y3n8xchq,床型： 2 張單人床 和 6 張日式床舖,8.9
Namba Takashimaya 5-mins apartment PA-201,25233,http://tinyurl.com/y6q5f4v2,床型： 2 張雙人床 和 3 張日式床舖,
Ebisucho Apartment Near Namba 1 mins to Station 901,25233,http://tinyurl.com/y5auuefh,"床型： 1 張單人床 , 1 張雙人床 和 2 張日式床舖",
Traditional Japanese Villa Matsu House MT-101,25233,http://tinyurl.com/y68s9ylg,床型： 1 張雙人床 和 3 張日式床舖,
Ebisucho Apartment Near Namba 1 mins to Station 904（意碧蘇尼艾利克斯904公寓）,25233,http://tinyurl.com/y37qnorb,床型： 1 張雙人床 和 4 張日式床舖,
Ebisucho Apartment Near Namba 1 mins to Station 902,25233,http://tinyurl.com/y4e88xov,床型： 1 張雙人床 和 4 張日式床舖,
Central Osaka House Umeda Namba（大阪中央梅田難波公寓）,25242,http://tinyurl.com/y2fmbklu,"床型： 1 張單人床 , 1 張雙人床 , 1 張沙發床 和 2 張加大雙人床",8.4
Tojocho Building / Vacation STAY 3810,25478,http://tinyurl.com/y45rk2he,"床型： 5 張單人床 , 1 張雙人床 和 1 張沙發床",
Bar Hosutel 四貫島,25525,http://tinyurl.com/yyrm4uw5,2 張雙人床,9.0
Drop Inn Osaka（大阪德羅普旅館）,25600,http://tinyurl.com/yxvv9uum,6張床位,8.7
Cozy House Namba,25620,http://tinyurl.com/y5gntug2,"床型： 1 張單人床 , 2 張雙人床 , 1張床位 和 2 張日式床舖",
YUYU House - Yata Kaeru,25658,http://tinyurl.com/y63emyvc,5 張單人床 • 2 張日式床舖,
Apartment in Ikuno 2BR,25692,http://tinyurl.com/y6h5c9bt,床型： 4 張單人床,
A retro Japanese house Only 1 stop from Tennoji,25692,http://tinyurl.com/yyk3qmtk,床型： 2 張單人床 和 4 張日式床舖,
D209-1004 Osaka Center Namba Dotonbori Shinsekai,25692,http://tinyurl.com/yym8hv9y,床型： 3 張單人床 和 2 張日式床舖,
Grandouce Dotonbori Ⅱ,25703,http://tinyurl.com/y3ercea9,5 張雙人床,8.2
Osaka - House / Vacation STAY 3827,25809,http://tinyurl.com/y6a4njsv,3 張雙人床 • 1 張沙發床 • 1 張加大雙人床,
Hostel Chill Out（其爾奧特旅舍）,25809,http://tinyurl.com/y5hq9ym9,床型： 4張床位,8.9
Near Tsutenkaku for 6 people 403,25849,http://tinyurl.com/y2crkodn,3 張單人床 • 1 張雙人床 • 1 張日式床舖,
OOKINI HOTELS Nipponbashi Apartment（日本橋奧基尼公寓）,25850,http://tinyurl.com/yylfxjt4,床型： 3 張雙人床,9.1
CuLuLu Osaka 01,25850,http://tinyurl.com/y53sgd7h,"床型： 6 張單人床 , 1 張沙發床 和 2 張日式床舖",
Sakura Coco Residence,25850,http://tinyurl.com/yyzm22cw,床型： 3 張雙人床,8.8
Osaka - House / Vacation STAY 3029,25974,http://tinyurl.com/yyq7dafh,6 張單人床,
5 mins to Namba PIAGET HOUSE,25998,http://tinyurl.com/y3us3wcd,床型： 3 張雙人床 和 2 張日式床舖,7.8
HIRAGI,25998,http://tinyurl.com/yxudxjtu,床型： 3 張單人床 和 2 張日式床舖,
Sakura Open Sale Easy access to Namba Dotonbori NF202,25998,http://tinyurl.com/y3sncnww,床型： 6 張單人床,
SK-501 Akizero apartment in Osaka,26059,http://tinyurl.com/yxa2qz2v,5 張雙人床 • 1 張日式床舖,
築港4丁目11 アパートメント,26294,http://tinyurl.com/y2wr7lma,1 張單人床 • 4 張雙人床 • 1 張沙發床,
midi HOTEL（迷迪酒店）,26323,http://tinyurl.com/y6fgz7rx,床型： 4 張單人床 和 1 張沙發床,9.1
TEIOH Namba（難波帝王公寓）,26367,http://tinyurl.com/yytqt6bj,"床型： 8 張單人床 , 2 張雙人床 和 3 張沙發床",9.2
Higashiosaka - Hotel / Vacation STAY 8851,26471,http://tinyurl.com/y52mjzh6,床型： 6 張單人床,
ミフネ島之内A0AB,26589,http://tinyurl.com/y658q5pe,床型： 2 張單人床 和 4 張雙人床,
Guest House Sowaka 2,26589,http://tinyurl.com/y4aujum6,床型： 12 張單人床,
White Chaya,26589,http://tinyurl.com/y3l6qrmg,7 張雙人床 • 1 張沙發床,
DGNMB401 Namba Dontonbori apartment #401,26589,http://tinyurl.com/y3j22ja2,"床型： 2 張單人床 , 1 張雙人床 和 1 張沙發床",
Apartment Umeda UMD0001,26589,http://tinyurl.com/y4x3cv8v,"床型： 2 張單人床 , 2 張雙人床 , 2 張沙發床 和 5 張日式床舖",9.0
Kichinan（吉南旅館）,26589,http://tinyurl.com/y497xhc8,6張床位,9.0
町屋 聖天坂 2,26589,http://tinyurl.com/y349x7nb,2 張單人床 • 2 張雙人床,
Apartment VR Shinsaibashi DOR0077B,26589,http://tinyurl.com/yy5ot6cc,床型： 4 張雙人床 和 2 張日式床舖,
DGNMB403 Namba Dotonbori Apartment#403 7ppl,26589,http://tinyurl.com/y67rm97b,"床型： 2 張單人床 , 1 張雙人床 和 1 張沙發床",
Osaka Stay（大阪住宿公寓）,26589,http://tinyurl.com/y62c9up5,3張床位,8.8
JR 1 min/Shinsaibashi 13min/Kyoto 25min/FREE WIFI,26589,http://tinyurl.com/y6yo2lle,2 張雙人床 • 2 張沙發床,
Ai Shang Theme Apartment（愛尚主題公寓）,26589,http://tinyurl.com/y6tx6y69,6 張日式床舖,8.7
Sakura Dotonbori Residence,26589,http://tinyurl.com/y2hwcvah,2 張雙人床 • 2 張沙發床,6.8
Intercity Tennoji apartment,26589,http://tinyurl.com/y2fy4bz6,"床型： 2 張單人床 , 2 張雙人床 , 2 張沙發床 和 3 張日式床舖",8.0
Kuru Tsuruhashi,26589,http://tinyurl.com/y3d9339h,5 張雙人床,
Hotel Kingyo（金魚飯店）,26589,http://tinyurl.com/yy8vwzvx,2 張雙人床 • 2 張日式床舖,9.2
Konitel Namba3,26589,http://tinyurl.com/y3hrdcrm,4 張日式床舖,
Nao's House USJ,26589,http://tinyurl.com/yxfxgavh,床型： 11 張單人床 和 1 張沙發床,
Relax Space in Nanba（難波休閒公寓）,26589,http://tinyurl.com/y38bdadv,床型： 1 張沙發床 和 2 張加大雙人床,9.0
ミフネ島之内A00C,26589,http://tinyurl.com/y69ssr2l,床型： 4 張雙人床,
DGUSJB Apartment One station from USJ #B 7ppl,26589,http://tinyurl.com/y5zsl5sg,6 張單人床 • 1 張沙發床,
Osaka Minamiichioka villa 1,26616,http://tinyurl.com/y3tpos66,"床型： 4 張單人床 , 2 張雙人床 和 2 張日式床舖",
Osaka Minamiichioka villa 2,26616,http://tinyurl.com/yyz7u7ag,1 張單人床 • 1 張雙人床 • 1 張沙發床 • 3 張日式床舖,
THE WONDER AT STAY OSAKA -Machiyakarahori-,26663,http://tinyurl.com/yxgv559n,4 張單人床 • 1 張沙發床 • 4 張日式床舖,9.4
Hotel Sanrriott Kitahama,26988,http://tinyurl.com/y4v498wy,床型： 4張床位 和 2 張沙發床,9.1
HATCH NAGAHORI 901,27133,http://tinyurl.com/yxejbfty,5 張雙人床 • 1 張沙發床,
TOIZUKOTO,27180,http://tinyurl.com/yxva2lqv,2 張沙發床 • 2 張單人床,
3mins to Nipponbaishi station Near Namba,27221,http://tinyurl.com/yy92h9f4,2 張雙人床 • 2 張日式床舖,
e-stay namba（e-stay namba ）,27254,http://tinyurl.com/y3jp275s,2 張單人床 • 1 張雙人床 • 1 張沙發床 • 2 張日式床舖,8.7
Noah's Ark Midoribashi,27396,http://tinyurl.com/yyzt4ge7,"床型： 5 張單人床 , 2 張雙人床 和 5 張日式床舖",
Nipponbashi Kuromon Market 30sec 3BR YU4D（日本橋艾力克斯 4DS 公寓）,27527,http://tinyurl.com/yye79gbv,床型： 3 張雙人床 和 2 張日式床舖,
Osaka Umeda Fukushima Luxury Mansion 05,27527,http://tinyurl.com/y2lrnjwt,5 張雙人床,
Apartment in Osaka D203,27527,http://tinyurl.com/yx8lyuja,床型： 4 張單人床,
Osaka Umeda Fukushima Luxury Mansion 08,27527,http://tinyurl.com/y58q6633,1 張單人床 • 4 張雙人床,
Osaka Umeda Fukushima Luxury Mansion 04,27527,http://tinyurl.com/y2p8tdjp,5 張雙人床,
Traditional Japanese House near Namba Umeda Max10,27527,http://tinyurl.com/y2xvykr8,床型： 11 張日式床舖,
Japanese house 1 stop from Tennoji,27527,http://tinyurl.com/y3xvc4kj,2 張單人床 • 4 張日式床舖,
Osaka Umeda Fukushima Luxury Mansion 07,27527,http://tinyurl.com/y3b4bru3,床型： 5 張雙人床,
Osaka Umeda Fukushima Luxury Mansion 06,27527,http://tinyurl.com/y29deuqr,床型： 5 張雙人床,
Very Hotel Dotonbori（道頓堀非凡公寓式酒店）,27546,http://tinyurl.com/y4zyqam8,2 張單人床 • 1 張沙發床,8.4
Wafu Ryokan Uehonmachi（和風旅館上本町）,27557,http://tinyurl.com/y45khlg6,床型： 6 張日式床舖,7.5
Bijou Suites Ten（微美特恩套房度假屋）,27585,http://tinyurl.com/y6t5g3ff,床型： 6 張日式床舖,8.0
Apartment in Nakazaki Liz5（中崎利茲公寓）,27599,http://tinyurl.com/y4vd4ypb,1 張單人床 • 2 張雙人床 • 1 張加大雙人床,7.6
Apartment in Naniwanishi 101（南瓦尼斯101號公寓）,27604,http://tinyurl.com/y5kmp9mz,床型： 3 張單人床 和 4 張雙人床,
Amore Suoumachi Apartment,27605,http://tinyurl.com/y3xmhbr9,4 張雙人床,8.0
Guest House Tennoji 168,27697,http://tinyurl.com/y5fsk7b3,"床型： 2 張單人床 , 2張床位 , 1 張沙發床 和 4 張日式床舖",
NK Homes Tennoji 6 mins 天王寺包棟徒步6分,27697,http://tinyurl.com/yxur5ewd,"床型： 9 張單人床 , 1 張雙人床 和 1 張沙發床",
Chloris,27771,http://tinyurl.com/yx8hh726,床型： 4 張雙人床 和 6 張日式床舖,
Seiki n Lica Studio Apartment Osaka（大阪精莉卡一室公寓）,27918,http://tinyurl.com/yy55e9xn,1 張單人床 • 2 張雙人床 • 1 張沙發床 • 1 張加大雙人床,7.8
TERAS HOUSE,28007,http://tinyurl.com/y5flhq9s,床型： 3 張雙人床,
NANBA EAST Desiners Apertment（難波東設計公寓）,28054,http://tinyurl.com/y438nw2h,2 張單人床 • 2 張雙人床,9.2
United Resort Tanimachi 6,28066,http://tinyurl.com/yyfgoyjd,2 張單人床 • 1 張雙人床,
Namba_KUROMON_KMR0008B,28066,http://tinyurl.com/yyrrfx8b,床型： 2 張雙人床 和 3 張沙發床,
Japanese Style House,28066,http://tinyurl.com/y27qd8yx,床型： 2 張單人床 和 5 張雙人床,
Osaka Daebakine House（大阪戴巴基尼議院旅館）,28066,http://tinyurl.com/y3mw5jog,床型： 1 張單人床 和 2 張雙人床,7.2
Toki（托奇公寓）,28066,http://tinyurl.com/y33vd34w,床型： 6 張日式床舖,9.4
Great location in Osaka Spacious 8 ppl home ZY 1,28102,http://tinyurl.com/yybaq8bm,3 張單人床 • 1 張雙人床 • 3 張日式床舖,
South East Inn 201,28125,http://tinyurl.com/yyrda55s,床型： 4 張單人床 和 1張床位,
Etoile Matsuzaki / Vacation STAY 4312,28125,http://tinyurl.com/y6mh6u9v,2 張雙人床 • 1 張沙發床 • 1 張日式床舖,
Namba Dotonbori 3BR Live Cozy Apartment SD21,28280,http://tinyurl.com/y6xnft79,3 張雙人床 • 3 張日式床舖,
Rozy Hotel Namba（難波羅茲酒店）,28362,http://tinyurl.com/y3vz3k86,床型： 3 張雙人床,8.3
Maison d’Alcyon,28362,http://tinyurl.com/y6sob8cw,床型： 2 張雙人床 和 1 張沙發床,
Designer's House KICHISHA,28362,http://tinyurl.com/y4fmwl8j,2 張單人床 • 3 張雙人床 • 1 張沙發床,
Designer's House at Taishou（大正設計師之家度假屋）,28435,http://tinyurl.com/yywp4q3u,2 張雙人床 • 1 張沙發床 • 1 張加大雙人床 • 3 張日式床舖,6.6
Designer's House ISHA,28435,http://tinyurl.com/yxvo7gte,"床型： 5 張單人床 , 2 張雙人床 和 1 張沙發床",
Designer's House GASHA,28435,http://tinyurl.com/yyut8ahq,5 張雙人床 • 1 張沙發床,
M.Granz Tanimachi 4-Chome,28462,http://tinyurl.com/y2hcvxvs,床型： 4 張單人床,8.4
Humour Resort New Oriental Hotel（新東方胡莫度假酒店）,28716,http://tinyurl.com/y6ozdf58,6 張日式床舖,6.5
Home Hostel Osaka（大阪家庭旅館）,28716,http://tinyurl.com/y5qdwdvy,6張床位,9.4
nid Daikoku Casa Ami,28716,http://tinyurl.com/yy48c73m,6 張單人床 • 2 張沙發床,
Tengachaya House（藤甲查亞度假屋）,28805,http://tinyurl.com/yxwame83,"床型： 2 張單人床 , 4 張雙人床 , 2 張沙發床 和 2 張日式床舖",6.7
Tengachaya miyabi（滕塔查米亞比旅館）,28805,http://tinyurl.com/y3b646m5,5 張單人床 • 2 張雙人床 • 1 張沙發床,
Osaka Premium House,28805,http://tinyurl.com/y5o7fqqz,5 張雙人床 • 1 張沙發床,8.6
Apartment in Naniwanishi 201,28904,http://tinyurl.com/y6e8tybk,床型： 3 張單人床 和 4 張雙人床,
Sakura Rental Apartment（櫻花日租公寓）,28952,http://tinyurl.com/yxgy33cm,床型： 2 張單人床 和 1 張沙發床,7.1
CHAFY 6F（茶啡 6F）,28952,http://tinyurl.com/yyc62vgl,床型： 5 張雙人床 和 1 張沙發床,8.7
Tokyo Building 2F / Vacation STAY 3591,28952,http://tinyurl.com/y4g9ezk8,4 張單人床 • 2 張雙人床,
Only 5 min walk to Shinsekai 2,29056,http://tinyurl.com/yymtp7cp,床型： 3 張雙人床,
OsakaVilla NearNamba Shinsaibashi USJ,29057,http://tinyurl.com/y28p7ln3,10 張單人床,
Entire Apartment Near ShinOsaka/Charles Miyahara,29248,http://tinyurl.com/yyewyfwq,6 張單人床 • 2 張雙人床 • 4 張日式床舖,8.9
Centurion Hotel CEN Osaka Namba,29248,http://tinyurl.com/y2wk57l2,2張床位,8.8
Akizero apartment H-16（亞希H-16公寓）,29277,http://tinyurl.com/yyot6dgx,3 張日式床舖 • 3 張單人床 • 2 張雙人床,
D235 Near Osaka Castle Large House Wif MAX8,29363,http://tinyurl.com/y3pg9beb,床型： 3 張雙人床 和 2 張日式床舖,
HEIGHTS BRIDGE,29396,http://tinyurl.com/y27agy6f,3張床位,
Penguin-Mura(208-1),29440,http://tinyurl.com/y49l5ceo,2 張單人床 • 5 張雙人床 • 1 張沙發床,8.4
HATCH NAGAHORI 8th FLOOR,29469,http://tinyurl.com/yxjmbbxq,"床型： 1 張單人床 , 5 張雙人床 和 2 張沙發床",
Sonkun no Ie,29543,http://tinyurl.com/y5hsydeb,7 張單人床,9.4
Shinjuku Tsuishi Building 101,29543,http://tinyurl.com/yxgmacgd,床型： 4 張雙人床 和 2 張沙發床,
Shin-Imamiya Private House,29543,http://tinyurl.com/y5fefc8k,床型： 6 張單人床 和 2 張雙人床,
Osaka Tengachaya Guesthouse SAYURI Teguan,29543,http://tinyurl.com/y69wdhjp,床型： 1 張沙發床 和 3 張日式床舖,8.8
コーポ南船場,29543,http://tinyurl.com/yy8hrnsh,5 張雙人床 • 1 張沙發床,
Million Apartment（百萬公寓）,29543,http://tinyurl.com/y5ogajjs,床型： 3 張雙人床 和 1 張日式床舖,8.1
Osaka Guesthouse SAYURI HONKAN,29543,http://tinyurl.com/yysac72t,6 張日式床舖,
Private vacation 'EN'（私人度假'EN'公寓）,29543,http://tinyurl.com/yy9xoun2,1 張日式床舖 • 3 張雙人床,8.8
花ノ宿,29543,http://tinyurl.com/y26m8p2o,4 張單人床 • 1 張沙發床 • 2 張日式床舖,
SK Building 6F,29543,http://tinyurl.com/y4y27bvy,"床型： 2 張單人床 , 2 張沙發床 和 1 張加大雙人床",8.0
Alex Hotel And Resorts Shinsaibashi 403,29543,http://tinyurl.com/yyg8gy78,3 張雙人床,
Save Our House,29543,http://tinyurl.com/yxlr2jd7,3 張雙人床,
Bnb Guests Sanngennya,29543,http://tinyurl.com/y3yn448e,2 張雙人床 • 4 張沙發床,8.1
HOTEL SAMURAI / Vacation STAY 8428,29614,http://tinyurl.com/y4lhogy6,2 張雙人床 • 1 張沙發床,
HOTEL SAMURAI / Vacation STAY 8413,29614,http://tinyurl.com/yxfuzcsz,2 張雙人床 • 1 張沙發床,
千本ハウス,29913,http://tinyurl.com/y5xn5cdv,10 張雙人床 • 1 張沙發床,
201 Shinsaibashi Japanese Style Max 10ppl,29975,http://tinyurl.com/y3yyts4n,5 張單人床,
Designer's House at Asashiobashi（朝潮橋設計師別墅）,29986,http://tinyurl.com/y4c8qrln,"床型： 4 張雙人床 , 1 張沙發床 和 2 張加大雙人床",7.6
Designer's House at Morinomiya（森之宮設計師之家度假屋）,29986,http://tinyurl.com/y3squeh3,"床型： 3 張雙人床 , 1 張沙發床 和 6 張日式床舖",6.4
Tengacyaya Osaka Apartment,30164,http://tinyurl.com/yyqjpqpv,"床型： 2 張雙人床 , 1 張沙發床 和 1 張日式床舖",
KU1 LEGAL BNB in Umeda 3 Stories Big House 8pax,30280,http://tinyurl.com/y4j9fh4l,床型： 1 張單人床 和 5 張雙人床,
10-min to Shinsaibashi ! Japanese style villa TS-1 !,30282,http://tinyurl.com/y56x7ljv,"床型： 2 張單人床 , 1 張雙人床 和 6張床位",
Young Guesthouse,30282,http://tinyurl.com/y2ltfvov,"床型： 2 張單人床 , 2 張雙人床 和 2 張沙發床",7.6
明日香,30311,http://tinyurl.com/y5wjbd9x,3 張單人床 • 4 張雙人床 • 1 張沙發床,
YUYU House - Imazado Anywhere Door,30446,http://tinyurl.com/y45zp9o4,1 張加大雙人床 • 4 張日式床舖,
Bijou Suites Sorriso,30577,http://tinyurl.com/yye3oprr,6 張雙人床,8.9
Luxury Mansion Shinsaibashi 5mins3 404,30586,http://tinyurl.com/yygydk6x,2 張雙人床 • 1 張日式床舖,
Alex Hotel And Resorts Shinsaibashi 702,30586,http://tinyurl.com/y4uvw6ms,床型： 2 張雙人床 和 1 張日式床舖,
Alex Hotel And Resorts Shinsaibashi 803,30586,http://tinyurl.com/y579m6rd,床型： 3 張雙人床,
Alex Hotel And Resorts Shinsaibashi 502,30586,http://tinyurl.com/y4rvv85f,3 張雙人床,
Alex Hotel And Resorts Shinsaibashi 602,30586,http://tinyurl.com/y4brlwj7,床型： 2 張雙人床 和 1 張日式床舖,
Alex Hotel And Resorts Shinsaibashi 601,30586,http://tinyurl.com/y64hy64j,床型： 2 張雙人床 和 1 張日式床舖,
H130_namba Dotonbori shinsaibashi 903,30586,http://tinyurl.com/y48psm9p,床型： 4 張雙人床 和 2 張日式床舖,
TS-1 10mins to Shinsaibashi,30586,http://tinyurl.com/y4ermv3k,2 張單人床 • 1 張雙人床 • 6 張日式床舖,
Alex Apartment in Shinsaibashi 402（心齋橋 402 亞歷克斯公寓）,30586,http://tinyurl.com/yyxgj8ve,2 張雙人床 • 1 張日式床舖,
Luxury Mansion Shinsaibashi 5mins 903,30586,http://tinyurl.com/y55mkhyj,3 張雙人床,
Alex Hotel And Resorts Shinsaibashi 804,30586,http://tinyurl.com/y6o48k2p,床型： 3 張雙人床,
Alex Apartment in Shinsaibashi 901（亞歷克斯心齋橋901N公寓）,30586,http://tinyurl.com/y4f72eey,2 張雙人床 • 1 張日式床舖,
Alex Hotel And Resorts Shinsaibashi 604,30586,http://tinyurl.com/y6l47lzc,床型： 2 張雙人床 和 1 張日式床舖,
Alex Hotel And Resorts Shinsaibashi 801,30586,http://tinyurl.com/yyx2edsv,床型： 2 張雙人床 和 1 張日式床舖,
Luxury Mansion Shinsaibashi 5mins 904,30586,http://tinyurl.com/y66srsz8,床型： 2 張雙人床 和 1 張日式床舖,
Miniature Garden,30725,http://tinyurl.com/yy5vvkdk,床型： 6 張雙人床 和 1 張沙發床,
Hotel Yururito Osaka,30725,http://tinyurl.com/y6o2g8an,床型： 4 張單人床 和 3 張日式床舖,9.7
Designer's House ITSUSHA,30762,http://tinyurl.com/yxrlre5r,床型： 5 張單人床 和 2 張雙人床,
Corlux,31020,http://tinyurl.com/y3m95vsn,6 張雙人床 • 1 張沙發床,
Ikuno House（生野之家公寓）,31020,http://tinyurl.com/y4xhhqbe,7 張雙人床 • 1 張沙發床,
Tsuru House,31020,http://tinyurl.com/y2tzbubk,床型： 6 張雙人床 和 1 張沙發床,
「鶴」TSURU HOUSE,31020,http://tinyurl.com/y57wlrn6,7 張雙人床,6.1
Yupa Stay,31020,http://tinyurl.com/y5csj8qn,2 張單人床 • 3 張雙人床 • 4 張日式床舖,
Tsuruhashi House,31020,http://tinyurl.com/y2984shl,床型： 6 張雙人床 和 1 張沙發床,8.3
enjoyTeradacho,31020,http://tinyurl.com/y57nrytt,1 張單人床 • 4 張雙人床 • 1 張沙發床,
Le temps de repos,31020,http://tinyurl.com/y3o6rq6t,床型： 6 張雙人床 和 1 張沙發床,
Maguro House（馬谷羅度假屋）,31020,http://tinyurl.com/y34u7gr2,4 張雙人床 • 2 張沙發床,9.3
Shinsaibashi Grand Palace,31020,http://tinyurl.com/yy2hpqqo,床型： 2 張雙人床 和 1 張沙發床,
Sugar House,31020,http://tinyurl.com/yxh3f7zt,2 張單人床 • 5 張雙人床 • 1 張沙發床,
Shiba House,31020,http://tinyurl.com/y3xdmjxw,7 張雙人床 • 1 張沙發床,
Mikazuki House Teradacho,31020,http://tinyurl.com/y5gzjs6t,5 張雙人床 • 1 張沙發床 • 1 張日式床舖,
Apartment Saikokan in Doutonbori,31020,http://tinyurl.com/y3trh6v8,床型： 1 張沙發床 和 8 張日式床舖,9.4
"Namba9Min!13ppl! Free park!Direct bus to KIX,Kyoto（難波9分鐘！13人！免費公園！直達巴士至KIX京都公寓）",31020,http://tinyurl.com/y5ow7qed,5 張雙人床 • 1 張沙發床 • 2 張日式床舖,8.8
Kintai House,31020,http://tinyurl.com/yyxr6dgq,5 張雙人床,
Hotel Amaterrace Nippombashi-higashi,31077,http://tinyurl.com/y5e6q5q7,床型： 6 張日式床舖,8.5
Masaru House,31109,http://tinyurl.com/y33dnhzc,床型： 6 張單人床 和 1 張沙發床,
TAKUTO STAY OSAKA UEHOMMACHI,31198,http://tinyurl.com/y562xxcx,"床型： 1 張單人床 , 2 張雙人床 和 1 張沙發床",9.3
Ikidane House Osaka Shimanouchi,31316,http://tinyurl.com/y6jo8cqq,床型： 1 張單人床 和 4 張雙人床,
Bobo’s guest house,31390,http://tinyurl.com/y6558f8a,"床型： 2 張單人床 , 1 張雙人床 和 6 張日式床舖",
nid NAMBA at Residence East,31588,http://tinyurl.com/y64zqhtl,5 張單人床 • 1 張沙發床,
我爱我家,31670,http://tinyurl.com/yxbl2t3n,"床型： 3 張單人床 , 1 張特大雙人床 和 3 張日式床舖",
Apartment in Kozu SD21,31717,http://tinyurl.com/y4c3gpch,床型： 3 張雙人床 和 3 張日式床舖,7.8
Universal Point House,31759,http://tinyurl.com/y29m9nk4,床型： 6 張單人床 和 1 張沙發床,
Namba Tsutenkaku High Class Villa,31759,http://tinyurl.com/y4a9clzf,5 張雙人床 • 1 張沙發床,
YE' S HOME Near Town Villa Namba USJ,31907,http://tinyurl.com/y3pw6z8t,3 張特大雙人床 • 3 張沙發床 • 3 張日式床舖,
Near USJ MAX15people Designers BIG room 103m2,32115,http://tinyurl.com/yybwxhfd,床型： 6 張特大雙人床 和 3 張日式床舖,7.8
IKIDANE Residential Hotel SHIMANOUCHI 302,32115,http://tinyurl.com/yyatld96,床型： 1 張單人床 和 3 張雙人床,
IKIDANE Residential Hotel SHIMANOUCHI 802,32115,http://tinyurl.com/y23ddxpy,1 張單人床 • 3 張雙人床,
IKIDANE Residential Hotel SHIMANOUCHI 702,32115,http://tinyurl.com/y3vug3zk,床型： 1 張單人床 和 3 張雙人床,
IKIDANE Residential Hotel SHIMANOUCHI 902,32115,http://tinyurl.com/y688r49r,床型： 1 張單人床 和 3 張雙人床,
IKIDANE Residential Hotel SHIMANOUCHI 502,32115,http://tinyurl.com/y5clgrpf,床型： 1 張單人床 和 3 張雙人床,
IKIDANE Residential Hotel SHIMANOUCHI 402,32115,http://tinyurl.com/y36kqu4x,床型： 1 張單人床 和 3 張雙人床,
IKIDANE Residential Hotel SHIMANOUCHI 1002,32115,http://tinyurl.com/y3lvzrab,床型： 1 張單人床 和 3 張雙人床,
IKIDANE Residential Hotel SHIMANOUCHI 602,32115,http://tinyurl.com/y3wbkvl3,床型： 1 張單人床 和 3 張雙人床,
Near USJ MAX13people Designers BIG room 103m2,32115,http://tinyurl.com/y5n6tycd,1 張單人床 • 6 張特大雙人床,7.8
Osaka Ddowa 2（大阪多瓦2號旅館）,32498,http://tinyurl.com/y23kfeq9,"床型： 4 張雙人床 , 1 張沙發床 和 10 張日式床舖",9.0
Hospi+ Noda,32498,http://tinyurl.com/yylrd36z,床型： 8 張日式床舖,9.4
天满 · 大阪最佳位置，关西机场直达，JR环状线天满站走路5分钟，地铁站走1分钟！日式古典和风二层小楼,32498,http://tinyurl.com/y2m8sf2c,床型： 2 張特大雙人床 和 2 張日式床舖,
Not Ninja OSAKA TAISHO #1,32498,http://tinyurl.com/y4dukt6j,"床型： 1 張單人床 , 3 張雙人床 , 1 張沙發床 和 1 張日式床舖",
KAIDO HOUSE,32498,http://tinyurl.com/y2zh2gu4,床型： 2 張單人床 和 6 張日式床舖,
Designer's House KANSHA,32498,http://tinyurl.com/y6nx444g,床型： 2 張雙人床 和 1 張沙發床,
Namba Family type detached house（難波家庭型獨立度假屋）,32498,http://tinyurl.com/y42846lc,床型： 6 張雙人床,7.6
Beautiful House near Tennoji Namba Shinsaibashi,33032,http://tinyurl.com/yxoky3tc,床型： 4 張雙人床,
Osaka Tengachaya Private stay Sayuri Ekimaekan / Vacation STAY 255,33088,http://tinyurl.com/y4fvreyt,床型： 6 張日式床舖,
全新独立别墅 环境舒适便利 JR站步行五分钟 难波 心斋桥 道敦崛 日本桥 黑门市场 梅田温馨自由行,33088,http://tinyurl.com/y26ddw9e,2 張單人床 • 2 張雙人床 • 1 張沙發床 • 3 張日式床舖,
Kamon Hotel Namba（難波嘉門酒店）,33229,http://tinyurl.com/yy5jj436,3張床位,9.1
Oriental Nihonbashi,33236,http://tinyurl.com/y66xz5d9,床型： 2 張雙人床 和 2 張沙發床,9.1
日本umeda DIJIA 梅田抵家民宿,33236,http://tinyurl.com/y3t69urh,2 張沙發床 • 9 張日式床舖,
Grace Nagahori,33236,http://tinyurl.com/y3wws7or,2 張雙人床 • 1 張沙發床,
La Masia,33679,http://tinyurl.com/yxtoqaq6,床型： 2 張雙人床 和 1 張沙發床,
Ermitage Osaka Dome（大阪巨蛋清幽住所）,33827,http://tinyurl.com/y5jzkqo9,2 張雙人床 • 1 張沙發床 • 1 張日式床舖,7.9
"Center Osaka good aceess,3room 3Bath 12ppl+TV+WIFI",33975,http://tinyurl.com/y2orozh9,6 張雙人床,
Traveller Namba,33975,http://tinyurl.com/y6rnofvr,床型： 2 張雙人床 和 1 張沙發床,8.5
Yukiya（雪家度假屋）,34034,http://tinyurl.com/y5zudhkz,床型： 10 張日式床舖,7.9
Feel Osaka Yu（感受大阪羽酒店）,34100,http://tinyurl.com/y6sq3k5y,8 張單人床,9.6
IKIDANE Residential Hotel SHIMANOUCHI 601,34256,http://tinyurl.com/y458555p,床型： 1 張單人床 和 3 張雙人床,
IKIDANE Residential Hotel SHIMANOUCHI 901,34256,http://tinyurl.com/yxzjw6rj,床型： 1 張單人床 和 3 張雙人床,
IKIDANE Residential Hotel SHIMANOUCHI 401,34256,http://tinyurl.com/y26v3hty,床型： 1 張單人床 和 3 張雙人床,
IKIDANE Residential Hotel SHIMANOUCHI 701,34256,http://tinyurl.com/y42m9yns,床型： 1 張單人床 和 3 張雙人床,
IKIDANE Residential Hotel SHIMANOUCHI 801,34256,http://tinyurl.com/y4gulrnw,床型： 1 張單人床 和 3 張雙人床,
IKIDANE Residential Hotel SHIMANOUCHI 201,34256,http://tinyurl.com/y2z6fcbp,床型： 1 張單人床 和 3 張雙人床,
IKIDANE Residential Hotel SHIMANOUCHI 1001,34256,http://tinyurl.com/y4bbopom,床型： 1 張單人床 和 3 張雙人床,
IKIDANE Residential Hotel SHIMANOUCHI 301,34256,http://tinyurl.com/y5bq74kg,1 張單人床 • 3 張雙人床,
IKIDANE Residential Hotel SHIMANOUCHI 501,34256,http://tinyurl.com/y454kell,床型： 1 張單人床 和 3 張雙人床,
Osaka - House / Vacation STAY 4481,34412,http://tinyurl.com/y4u7772x,床型： 4 張雙人床 和 2 張日式床舖,
Osaka - House / Vacation STAY 4258,34412,http://tinyurl.com/y63squxs,"床型： 3 張雙人床 , 1 張特大雙人床 , 2 張沙發床 和 3 張日式床舖",
Higobashi AFP Luxury Apartment,34586,http://tinyurl.com/yygmkt9o,"床型： 2 張單人床 , 2 張雙人床 和 1 張沙發床",8.7
IKIDANE HOUSE Abenosujisou / Vacation STAY 2917,34743,http://tinyurl.com/y4snn7qa,"床型： 3 張單人床 , 1 張雙人床 和 1 張沙發床",
Osaka - house / Vacation STAY 1764,34743,http://tinyurl.com/y5x3nf29,"床型： 8 張單人床 , 2 張雙人床 和 2 張沙發床",
Orange House / Vacation STAY 1691,34743,http://tinyurl.com/y3wzncmb,1 張單人床 • 3 張雙人床,
Yadocafe Chelsea's Rainbow B&B（切爾西彩虹旅館）,34842,http://tinyurl.com/yyx5w4d2,床型： 9 張日式床舖,9.5
Station Front Hoyou88 Osaka,34861,http://tinyurl.com/yyft3htr,3 張加大雙人床,9.4
Station Front HOYOU Osaka,34861,http://tinyurl.com/yxnoodod,床型： 1 張雙人床 和 2 張加大雙人床,9.3
宿·實相,35009,http://tinyurl.com/yxqakh6a,1 張加大雙人床 • 6 張日式床舖,
Wasaike House,35157,http://tinyurl.com/y3tbkx3n,2張床位 • 2 張沙發床 • 1 張加大雙人床 • 8 張日式床舖,9.7
Japanese Modern 1BR Shinsekai Namba 7,35174,http://tinyurl.com/yxhhk2lc,3 張雙人床,
Kammon Inn Osaka,35201,http://tinyurl.com/y6j4qff4,"床型： 4 張單人床 , 1 張雙人床 , 2 張沙發床 和 3 張日式床舖",9.1
YUYU House in Kohama - Primeyu Mei,35295,http://tinyurl.com/y46vozfn,"床型： 2 張單人床 , 1 張雙人床 和 7 張日式床舖",
Ave Tennoji Hotel（天王寺大道酒店）,35452,http://tinyurl.com/y6clrbzq,2 張單人床 • 1 張雙人床,7.7
Brown House,35452,http://tinyurl.com/y5uxf9r3,床型： 4 張雙人床 和 1 張沙發床,
Sweet House Umedaminami（友美米娜斯威特公寓）,35452,http://tinyurl.com/yxtjg8hx,"床型： 2 張單人床 , 1 張雙人床 和 2 張沙發床",9.0
Private Room Rosso（洛索私人公寓）,35641,http://tinyurl.com/y3l8j6ez,床型： 4 張雙人床 和 1 張日式床舖,8.9
Ishimura Koshin Building（石村甲信大廈公寓）,35736,http://tinyurl.com/y5ywjuld,床型： 4 張單人床 和 2 張日式床舖,7.6
Hotel Green Hights 503 (0-16),35895,http://tinyurl.com/y4dz8ct5,2 張雙人床 • 1 張沙發床 • 2 張日式床舖,7.6
Sakuragawa House,35925,http://tinyurl.com/y49ux58y,床型： 4 張雙人床 和 4 張沙發床,7.7
R Guest House Namba（難波R旅館）,36191,http://tinyurl.com/y2o6h9dz,2 張單人床 • 8張床位,9.1
Osaka - House / Vacation STAY 4446,36298,http://tinyurl.com/y26kgdam,3 張雙人床 • 2 張日式床舖,
OPEN SALE Only 5 min walk to Shinsekai 2,36703,http://tinyurl.com/y5pgucyx,3 張雙人床,
Osaka Central 1 BR near Namba Shinsekai 3,36703,http://tinyurl.com/yybczk3o,床型： 3 張雙人床,
Near Namba Shinsekai Osaka center 1 BR 4,36703,http://tinyurl.com/y6n5e6dm,3 張雙人床,
Spacious 1 BR Shinsekai 5 min Good location 6,36703,http://tinyurl.com/y5qj9g77,3 張雙人床,
starvilla101,36775,http://tinyurl.com/yyhhujen,5 張單人床,
Shinsaibashi 8ppl（心齋橋8ppl公寓）,36929,http://tinyurl.com/y2nk2cyt,4 張單人床 • 1 張沙發床,8.5
IM guest house（IM旅館）,36929,http://tinyurl.com/yxlsrv59,"床型： 1 張單人床 , 2 張雙人床 和 4張床位",7.9
shirakabanoyado-tennoji,36929,http://tinyurl.com/yyxxm23t,6 張日式床舖,
fleur Matsuyamachi,36929,http://tinyurl.com/yxablat8,床型： 4 張雙人床 和 2 張日式床舖,9.4
Hostel Kaisei Doutonbori（道頓堀開成旅館）,36971,http://tinyurl.com/y3dqplt4,床型： 1 張雙人床 和 4 張沙發床,8.0
Gold House Namba Minami,37411,http://tinyurl.com/y2ncwvxl,3 張單人床 • 6 張雙人床 • 7 張日式床舖,
Vivid Zebra House (197-1),37446,http://tinyurl.com/yxrr4gfx,1 張單人床 • 3 張雙人床 • 1 張沙發床,
TEIOH Nishi shinsaibashi（西心齋橋帝王公寓）,37668,http://tinyurl.com/y493fqs4,4 張雙人床,8.8
URAURA-NAGAYA / Vacation STAY 3532,37721,http://tinyurl.com/yy3k4uwv,床型： 6 張日式床舖,
Sakura no Hana JR station 400 near Nanba Shinsaibashi,37928,http://tinyurl.com/y6grp4qh,"床型： 1 張單人床 , 3 張雙人床 和 3 張日式床舖",
StayBonita Namba,37963,http://tinyurl.com/yyum5tgz,床型： 3 張雙人床 和 1 張沙發床,8.2
TENNOJI Traditional villa TW-1,38232,http://tinyurl.com/y5692ed8,4 張單人床 • 3 張雙人床 • 4 張日式床舖,
Shidatera House B walk to Nihonbashi Namba Dotonbori Shinsekai Max 6 people DGNPBB,38309,http://tinyurl.com/y22p5ola,床型： 4 張單人床 和 1 張雙人床,
A House 1 station to the USJ Max 6 people DGUSJA,38309,http://tinyurl.com/y2hb5m6q,3 張雙人床,
2 min to STN Osaka West Large House,38406,http://tinyurl.com/yyqqs7r6,"床型： 6 張單人床 , 4 張雙人床 和 1 張沙發床",7.6
Shin-Osaka high floor Apartment（新大阪高層公寓）,38406,http://tinyurl.com/y2e5rld7,"床型： 3 張雙人床 , 1 張沙發床 和 2 張日式床舖",8.1
Osaka / Vacation STAY 1982,38714,http://tinyurl.com/y2pfvrlx,床型： 5 張單人床 和 1 張日式床舖,
大阪日本桥一户建民宿,38997,http://tinyurl.com/y5xsfen4,"床型： 4 張單人床 , 3 張雙人床 和 1 張沙發床",
Mebius Namba Residence（夢比優斯難波公寓）,39145,http://tinyurl.com/y3w8383w,床型： 4 張雙人床,
Gratias Osaka Namba,39189,http://tinyurl.com/y6yrkc5z,床型： 2 張沙發床 和 4 張日式床舖,
ST Apartment in Tennoji,39226,http://tinyurl.com/y5jnutxf,9 張雙人床,
AH Apartment in 1 Chome254 Nipponbashi 39168,39609,http://tinyurl.com/yyww7755,3 張雙人床,
KB1*Unique HUGE house for family /JR +subway,39699,http://tinyurl.com/y4dnzf5b,"床型： 3 張單人床 , 2 張雙人床 和 2 張日式床舖",
501 (Momodani 2 chome) / Vacation STAY 2623,39706,http://tinyurl.com/y6mo9bb6,2 張雙人床 • 2 張沙發床,
Ryokan Hanare（距離旅館）,39883,http://tinyurl.com/y2lmdhnn,6 張日式床舖,8.6
Smile Japan Trip Umeda 901（微笑日本之旅梅田901公寓）,39883,http://tinyurl.com/y22lly46,"床型： 2 張單人床 , 2 張雙人床 和 1 張沙發床",
13 Stay,39883,http://tinyurl.com/y6lxmvy8,床型： 2 張單人床 和 3 張雙人床,8.8
ATTA Toyosaki（阿塔豐崎旅館）,39883,http://tinyurl.com/y6f45ogj,6 張日式床舖,9.1
Shirakabanoyado-season,39883,http://tinyurl.com/y6ejg5tw,4 張單人床 • 2 張雙人床,
Osaka Bay Guest House,39883,http://tinyurl.com/yx8qbwsg,床型： 2 張單人床 和 8 張日式床舖,
Sakamoto Building / Vacation STAY 3028,40533,http://tinyurl.com/y479bny2,床型： 3 張單人床 和 3 張日式床舖,
DGNPBA Nipponbashi Namba Dotonbori Shinseikai Apartment #A 12ppl,40770,http://tinyurl.com/y3bpj4xr,"床型： 1 張單人床 , 3 張雙人床 和 2 張沙發床",
Vermillion,40947,http://tinyurl.com/y5uuhbo4,4 張雙人床,8.9
Sakuragawa no Ka JR station 500m Japan traditional house,40985,http://tinyurl.com/yyabvrmj,床型： 3 張雙人床 和 4 張日式床舖,
Tofu's Home No.1 Tsuruhashi 鹤桥,41213,http://tinyurl.com/y3ldt8no,"床型： 4 張單人床 , 1 張加大雙人床 和 3 張日式床舖",
Room 403 near Namba Dotonbori convenient to USJ Max 7 people DGNMB403,41291,http://tinyurl.com/y5lljnbl,床型： 3 張單人床 和 1 張雙人床,
Room 401 near Namba Dotonbori convenient to USJ Max 7 people DGNMB401,41291,http://tinyurl.com/yyvfn7tf,床型： 3 張單人床 和 1 張雙人床,
B House 1 station to the USJ Max 7 people DGUSJB,41291,http://tinyurl.com/y6r49zk5,床型： 6 張單人床,
Shirakabanoyado-Kujo（九條白樺居度假屋）,41361,http://tinyurl.com/y3duacd8,3 張單人床 • 1 張沙發床 • 9 張日式床舖,9.0
Noda Station Guest House 2F 3F,41361,http://tinyurl.com/y463esao,2 張單人床 • 6 張雙人床 • 2 張沙發床,
Ebisunishi 1-4-13 / Vacation STAY 2733,41361,http://tinyurl.com/y6j3y3n2,2 張雙人床 • 2 張日式床舖,
Osaka - house / Vacation STAY 447,41361,http://tinyurl.com/yy9uqwk3,床型： 7 張雙人床 和 1 張沙發床,
Kasetsu-nishi 2-16-4 / Vacation STAY 2714,41361,http://tinyurl.com/y6zlt8kj,"床型： 1 張雙人床 , 1 張沙發床 和 3 張日式床舖",
Osaka Japanese House Animation（大阪日式動畫之家公寓）,41361,http://tinyurl.com/y6gv9sal,4 張單人床 • 2 張雙人床 • 1 張沙發床 • 2 張日式床舖,9.5
Maison Grand Plaire（格蘭普萊爾公寓）,41479,http://tinyurl.com/y4wrsm8w,床型： 7 張雙人床 和 1 張沙發床,8.6
Sun System Higobashi Building / Vacation STAY 4272,41625,http://tinyurl.com/yys8jsar,"床型： 2 張單人床 , 2 張雙人床 和 1 張沙發床",
QC24 富士ハイツ601,41656,http://tinyurl.com/y4spfjzc,1 張單人床 • 4 張雙人床,
おおきに１号,42099,http://tinyurl.com/y248mnux,"床型： 2 張單人床 , 2 張雙人床 和 1 張沙發床",
Sakamoto Building / Vacation STAY 3025,42188,http://tinyurl.com/y2h4385z,6 張單人床,
Sakamoto Building / Vacation STAY 3026,42188,http://tinyurl.com/y56shbou,3 張雙人床,
Sakamoto Building / Vacation STAY 3027,42188,http://tinyurl.com/y54ushdo,3 張雙人床,
Sakamoto Building / Vacation STAY 3024,42188,http://tinyurl.com/y2xrgua4,3 張雙人床,
Apartment in Osaka 534275,42820,http://tinyurl.com/y2h7kvmm,"床型： 3 張單人床 , 6 張雙人床 和 3 張日式床舖",
Alex Apartment in Shinsaibashi 1002（心齋橋 Alex 1002 公寓）,42820,http://tinyurl.com/y2hpah99,"床型： 3 張單人床 , 2 張雙人床 和 3 張日式床舖",
Kitashinchi Apartment（克塔斯恩赤公寓）,42838,http://tinyurl.com/y4qrqp76,床型： 4 張雙人床 和 1 張沙發床,8.7
Hospi+ Daikoku,42838,http://tinyurl.com/yxsy6ug8,床型： 14 張日式床舖,
Osaka - House / Vacation STAY 3656,43015,http://tinyurl.com/y2zrmlfg,床型： 2 張單人床 和 4 張日式床舖,
Osaka Hotel Live Artex（萊弗阿泰克斯大阪酒店）,43872,http://tinyurl.com/y25cr6s9,床型： 1 張雙人床 和 5 張日式床舖,8.4
Osaka - House / Vacation STAY 31669,44173,http://tinyurl.com/y5m2oze4,4 張雙人床,
shirakabanoyado-shiokusa,44315,http://tinyurl.com/yxoggdc8,床型： 1 張雙人床 和 4 張日式床舖,
Shirakabanoyado-uehonmachi,44315,http://tinyurl.com/y47uzw4q,床型： 3 張單人床 和 5 張日式床舖,
Daini Kagetsuso,44315,http://tinyurl.com/yxf5qd7n,床型： 7 張雙人床,
吉吉里里1号店,44315,http://tinyurl.com/y5oez7rq,"床型： 3 張單人床 , 1 張雙人床 和 4 張日式床舖",
Long Stay in Osaka No.6,44315,http://tinyurl.com/y65qfocy,床型： 2 張雙人床 和 2 張日式床舖,
Omotenashi Legal House (37-9),44315,http://tinyurl.com/yy3d2gvn,4 張雙人床 • 1 張沙發床,
sdy hostel SD（SD 公寓）,44315,http://tinyurl.com/yyxequ6c,"床型： 3 張單人床 , 3 張雙人床 和 1 張沙發床",7.7
Osaka - House / Vacation STAY 1365,44647,http://tinyurl.com/yxdbm9dl,8 張日式床舖,
Orange House Orange House 3C,44669,http://tinyurl.com/y6aaxm54,3 張單人床 • 3 張雙人床,
Sarasa Hotel Namba（難波 Sarasa 飯店）,44723,http://tinyurl.com/yyuxvkcr,床型： 2 張單人床 和 4 張日式床舖,8.4
Exsaison House No.2,44864,http://tinyurl.com/y5k52o2v,2 張單人床 • 8 張雙人床 • 3 張日式床舖,7.8
Hostel familia,45792,http://tinyurl.com/y55cxcg7,5 張單人床 • 2 張雙人床 • 1 張沙發床,
Sarasa Hotel Shin Osaka（新大阪薩拉薩酒店）,46088,http://tinyurl.com/yy9etppz,床型： 2 張雙人床 和 4 張日式床舖,8.6
Minn Umeda-North,46255,http://tinyurl.com/y6gzucx7,1 張雙人床 • 2 張沙發床 • 1 張加大雙人床,8.8
BIG ROOM GUEST HOUSE / Vacation STAY 3446,46324,http://tinyurl.com/yyybsw3d,床型： 2 張單人床 和 4 張雙人床,
BIG ROOM GUEST HOUSE / Vacation STAY 3501,46324,http://tinyurl.com/y5y2hsoc,7 張雙人床,
BIG ROOM GUEST HOUSE / Vacation STAY 3500,46324,http://tinyurl.com/y5pnwq28,床型： 7 張雙人床,
BIG ROOM GUEST HOUSE / Vacation STAY 3493,46324,http://tinyurl.com/y5w8o8nl,床型： 7 張雙人床,
BIG ROOM GUEST HOUSE / Vacation STAY 3492,46324,http://tinyurl.com/y2xgtpop,床型： 4 張單人床 和 4 張雙人床,
Noda Kominka House / Vacation STAY 2716,46324,http://tinyurl.com/yx926plq,床型： 10 張日式床舖,
Hotel It Osaka Shinmachi,46398,http://tinyurl.com/y69enwx5,床型： 4 張單人床,8.9
Legal big Stay side of Osaka Sta 10Beds for 10PAX(166-1),46531,http://tinyurl.com/yyz2k5ya,床型： 8 張單人床 和 2 張沙發床,
Brick House Near Osaka Castle (217-1),46531,http://tinyurl.com/yxzryksr,6 張雙人床 • 2 張沙發床 • 1 張日式床舖,
Yu Yu House Daisumi Nami · Yoshi / Vacation STAY 1767,46986,http://tinyurl.com/yysfm9c2,2 張單人床 • 6 張日式床舖,
Osaka - House / Vacation STAY 3046,47151,http://tinyurl.com/y6owza7o,床型： 4 張單人床 和 2 張日式床舖,
Detached House In OSAKA（大阪獨棟式別墅）,47269,http://tinyurl.com/y6kjz2vp,6 張單人床 • 1 張沙發床 • 1 張加大雙人床,
STAR HOUSE OSAKA 497,47408,http://tinyurl.com/y5v9tsyz,4 張單人床 • 4 張日式床舖,
Astel Plaza（阿斯特廣場公寓）,47712,http://tinyurl.com/y4x8nxz4,"床型： 7 張單人床 , 2 張沙發床 和 1 張加大雙人床",9.5
Hotel Monterey Grasmere Osaka（大阪蒙特利格拉斯米爾酒店）,48283,http://tinyurl.com/y63ngrom,床型： 6 張單人床,8.4
1-11-17 Shinimazato - House / Vacation STAY 1979,48640,http://tinyurl.com/y69lqdyd,"床型： 1 張雙人床 , 1 張沙發床 和 4 張日式床舖",
Monnel House,48746,http://tinyurl.com/yxapq5vo,"床型： 5 張雙人床 , 1 張沙發床 和 3 張日式床舖",
Welina Hotel Premier Shinsaibashi,49522,http://tinyurl.com/y4q4r4bd,6 張日式床舖,8.6
IKIDANEHOUSE in Shimanouchi 303,49702,http://tinyurl.com/y387sjtr,床型： 1 張單人床 和 4 張雙人床,
IKIDANEHOUSE in Shimanouchi 202,49702,http://tinyurl.com/y5kqax6m,1 張單人床 • 3 張雙人床 • 2 張日式床舖,
IKIDANEHOUSE in Shimanouchi 404,49702,http://tinyurl.com/y3kwodl8,床型： 3 張單人床 和 3 張雙人床,
Namba central Large room MY3,49854,http://tinyurl.com/yxdm9dwx,"床型： 8 張單人床 , 1 張沙發床 和 3 張日式床舖",
MT HOUSE OSAKA Villa Art Room Shinsaibashi Tenoji Namba USJ Nihonbashi JR Umeda (大阪 民宿 拾光设计师联名手绘阁楼 心斋桥 天王寺 环球乐园 难波 JR梅田 日本桥),49854,http://tinyurl.com/yy5aob9t,7 張雙人床,8.5
Oska Meiyi,50612,http://tinyurl.com/y4ox2svw,6 張單人床 • 5 張日式床舖,
Villa de Class,50962,http://tinyurl.com/yytp3rjh,床型： 4 張雙人床 和 2 張加大雙人床,9.6
2号馆 · 合法民宿，四人起接单！大阪最佳位置，大阪难波、心斋桥、日本桥新建豪华日式小楼！桜の御墅2号馆,51716,http://tinyurl.com/y2sqjunp,4 張特大雙人床,
1号馆 · 合法民宿，四人起接单！大阪最佳位置，靠近大阪难波、心斋桥、日本桥新建豪华日式小楼！桜の御墅1号馆,51716,http://tinyurl.com/y44nfjj5,床型： 4 張特大雙人床,
6号馆 · 合法民宿，四人起接单！大阪最佳位置，大阪难波、心斋桥、日本桥新建豪华日式小楼！桜の御墅6号馆,51716,http://tinyurl.com/yxccrsoz,床型： 4 張特大雙人床,
Goemon House Easy Access Namaba Free-WiFi Max8,51996,http://tinyurl.com/yxatatfs,"床型： 1 張單人床 , 2 張雙人床 和 3 張日式床舖",
Private stay Bochibochi / Vacation STAY 414,52942,http://tinyurl.com/y2pqzw6c,"床型： 6 張單人床 , 1 張沙發床 和 3 張日式床舖",
Sakura Japanese Modern 1BR Shinsekai Namba 7,53527,http://tinyurl.com/y6go7e9d,3 張雙人床,
Sakura OPEN SALE Only 5 min walk to Shinsekai 2,53527,http://tinyurl.com/yxqvrqay,床型： 3 張雙人床,
Sakura Osaka Central 1 BR near Namba Shinsekai 3,53527,http://tinyurl.com/y58j3pys,床型： 3 張雙人床,
Sakura Near Namba Shinsekai Osaka center 1 BR 4,53527,http://tinyurl.com/yyjmlrr4,床型： 3 張雙人床,
Sakura Spacious 1 BR Shinsekai 5 min Good location 6,53527,http://tinyurl.com/y5vv4459,床型： 3 張雙人床,
Book Worm Stay（書蟲住宿賓館）,53917,http://tinyurl.com/y2elos7p,2 張沙發床 • 6 張日式床舖,6.0
Harvor side USJ Condominium （193-4）,54008,http://tinyurl.com/y4mnlaoh,床型： 8 張雙人床 和 2 張日式床舖,
Karaksa Hotel Osaka Namba（大阪難波卡拉克薩酒店）,55748,http://tinyurl.com/y2bz6668,6 張單人床,8.9
R-Guest Residence at ShinOsaka(193-5),56872,http://tinyurl.com/y2urqfj2,床型： 5 張雙人床 和 2 張日式床舖,
Family Hostel Umeda near One floor 110 m² Private spac,56912,http://tinyurl.com/y3bbe8vb,床型： 6 張單人床 和 4 張雙人床,
Shidatera House A walk to Nihonbashi Namba Dotonbori Shinsekai Max 12 people DGNPBA,57196,http://tinyurl.com/yy7yaojr,床型： 6 張雙人床,
Color Shimanouchi,58097,http://tinyurl.com/y47ngz3z,1 張單人床 • 3 張雙人床,8.4
S-Dotonbori Hotel Namba（難波 S－道頓堀飯店）,58496,http://tinyurl.com/y6e73mjz,床型： 2 張雙人床 和 2 張日式床舖,9.0
MEILAN HOUSE,59087,http://tinyurl.com/y5g4fx4d,6 張日式床舖,
Osaka Umeda Yuan Hostel（大阪梅田緣住家）,59087,http://tinyurl.com/yy6xnw5m,床型： 6 張日式床舖,9.2
MT House Osaka Tennoji Villa Japanese Style 4 Room 8 Beds,59825,http://tinyurl.com/y5osn2u9,6 張單人床 • 2 張雙人床,10
Osaka Guesthouse（大阪民宿）,59825,http://tinyurl.com/yxfsqy3g,9 張日式床舖 • 2 張雙人床,
Shouun,59949,http://tinyurl.com/y5zw5tck,6 張單人床,
R-Guest Residence 鶴橋 East(193-9),60195,http://tinyurl.com/y5k8kek2,床型： 5 張雙人床 和 2 張日式床舖,
Luxury House Hona -Tennoji-,60933,http://tinyurl.com/yycxpt7f,"床型： 1 張雙人床 , 2 張加大雙人床 和 3 張日式床舖",
SDY HOSTEL.KZ（SDY KZ 度假屋）,61155,http://tinyurl.com/y47wbats,床型： 4 張單人床 和 3 張雙人床,8.2
YUYU House in Tsuruhashi - Primeyu Rose,61172,http://tinyurl.com/y533odjm,床型： 8 張單人床,
Morinomiya Station Guesthouse（森之宮站民宿）,62041,http://tinyurl.com/yxl5sa9g,"床型： 8 張單人床 , 4 張雙人床 和 8 張日式床舖",8.5
Yu Yuu House · Powder · Ume / Vacation STAY 1988,62041,http://tinyurl.com/y5pv273g,床型： 3 張單人床 和 4 張日式床舖,
Color Nipponbashi,62424,http://tinyurl.com/y4uyu4pr,床型： 4 張雙人床,7.1
R-Guest Residence Tennoji East,62484,http://tinyurl.com/y5zegaqx,床型： 5 張雙人床,
和邸若叶,63583,http://tinyurl.com/y5z968gr,3 張單人床 • 1 張雙人床 • 8 張日式床舖,9.0
Quintessa Hotel Osaka Bay（大阪灣精萃飯店）,63814,http://tinyurl.com/y2v3l8cc,床型： 6 張單人床,8.9
IKIDANE HOUSE Osaka Shimanouchi / Vacation STAY 2625,65350,http://tinyurl.com/y5yurztb,1 張單人床 • 3 張雙人床 • 2 張日式床舖,
IKIDANE HOUSE Osaka Shimanouchi / Vacation STAY 2626,65350,http://tinyurl.com/y2vqkt85,床型： 3 張單人床 和 3 張雙人床,
IKIDANE HOUSE Osaka Shimanouchi / Vacation STAY 2624,65350,http://tinyurl.com/y38mxewa,床型： 1 張單人床 和 4 張雙人床,
MT HOUSE OSAKA Villa 4 bed rooms boutique house Shinsaibashi Tenoji Namba USJ JR (大阪 民宿 拾光4间卧室精品独栋楼 心斋桥 天王寺 环球乐园 难波 JR梅田 日本桥),66472,http://tinyurl.com/yxmv72bg,4 張雙人床 • 2 張日式床舖,9.1
AH Apartment in 1 Chome254 Nipponbashi 39076,68972,http://tinyurl.com/y6njjyg5,4 張雙人床 • 4 張日式床舖,
Clio Court Namba East,69415,http://tinyurl.com/y5vgw92q,床型： 6 張單人床 和 2 張雙人床,9.0
Color Nipponbashi（日本橋彩色公寓）,71790,http://tinyurl.com/y3cydtr4,床型： 6 張雙人床,7.5
TS COURT 北堀江 302,73120,http://tinyurl.com/y3p24gbs,"床型： 2 張雙人床 , 1 張沙發床 和 2 張日式床舖",
Bijou Suites Ferris Wheel View（比茹套房摩天輪景度假屋）,73901,http://tinyurl.com/y39fhqc7,床型： 9 張雙人床 和 14 張日式床舖,8.7
Fuji Lin Plaza 15th Building / Vacation STAY 3458,74449,http://tinyurl.com/y6olv5mc,2 張特大雙人床 • 1 張加大雙人床,
Fuji Lin Plaza 15th Building / Vacation STAY 3457,74449,http://tinyurl.com/y3mqshfa,2 張特大雙人床 • 1 張加大雙人床,
Fuji Lin Plaza 15th Building / Vacation STAY 3450,74449,http://tinyurl.com/y54raqtk,"床型： 1 張特大雙人床 , 2 張沙發床 , 1 張加大雙人床 和 2 張日式床舖",
Fuji Lin Plaza 15th Building / Vacation STAY 3448,74449,http://tinyurl.com/yxjptyhu,"床型： 1 張特大雙人床 , 2 張沙發床 , 1 張加大雙人床 和 2 張日式床舖",
Fuji Lin Plaza 15th Building / Vacation STAY 3449,74449,http://tinyurl.com/y2rrphym,"床型： 1 張特大雙人床 , 2 張沙發床 , 1 張加大雙人床 和 2 張日式床舖",
Fuji Lin Plaza 15th Building / Vacation STAY 3459,74449,http://tinyurl.com/y2yfo6ds,2 張特大雙人床 • 1 張加大雙人床,
Fuji Lin Plaza 15th Building / Vacation STAY 3464,74449,http://tinyurl.com/y2tltkso,"床型： 1 張特大雙人床 , 2 張沙發床 和 1 張加大雙人床",
Fuji Lin Plaza 15th Building / Vacation STAY 3463,74449,http://tinyurl.com/y5wmt3q4,"床型： 1 張特大雙人床 , 2 張沙發床 和 1 張加大雙人床",
Fuji Lin Plaza 15th Building / Vacation STAY 3465,74449,http://tinyurl.com/yxmtenje,"床型： 1 張特大雙人床 , 2 張沙發床 和 1 張加大雙人床",
Traditional Japanese House near Namba Umeda,77231,http://tinyurl.com/yxql7lom,床型： 10 張日式床舖,
Spacious 2BR Near Namba Easy access anywhere 202,77994,http://tinyurl.com/yydmjupb,1 張雙人床 • 4 張日式床舖,
Osaka Central Tennoji10min Shinsekai15min Max6,77994,http://tinyurl.com/y3lsy3q7,4 張單人床 • 1 張雙人床,
Sakura Apartment in Shimanouchi 3BR4,77994,http://tinyurl.com/y2pu3mng,床型： 3 張單人床 和 3 張雙人床,
Near Namba hinsaibashi Dotonbori 3BR3,77994,http://tinyurl.com/y69z8mh9,1 張單人床 • 4 張雙人床,
Sakura Apartment in Osaka 550940,77994,http://tinyurl.com/y3d2xm89,床型： 4 張雙人床,
Sakura Apartment in Ikuno 2BR,77994,http://tinyurl.com/y3fktpn6,床型： 2 張單人床 和 2 張雙人床,
Near Namba hinsaibashi Dotonbori 3BR2,77994,http://tinyurl.com/y6a2v83t,1 張單人床 • 3 張雙人床 • 2 張日式床舖,
D209 Osaka Center Namba Dotonbori Shinsekai 1004,78759,http://tinyurl.com/y6dbqwej,2 張雙人床 • 2 張日式床舖,
Hotel & Resort Bali Tower Tennoji（天王寺巴厘塔度假酒店）,78810,http://tinyurl.com/yypog3kw,床型： 2 張單人床 和 2 張加大雙人床,8.8
Omotenashi House (193-1),80875,http://tinyurl.com/yykpxwxb,床型： 9 張雙人床,
ONE WORLD OSAKA CENTRAL / Vacation STAY 36606,82721,http://tinyurl.com/y3oheup8,12 張單人床 • 1 張加大雙人床 • 3 張日式床舖,
Hotel Green Hights 202 (0-17)（綠色高地 202 飯店（0－17））,93948,http://tinyurl.com/y6s4tbya,4 張雙人床 • 1 張沙發床,6.5
Chuan House Amemura（大阪川House美國村公寓）,94169,http://tinyurl.com/y2k5tzfx,床型： 5 張雙人床 和 3 張日式床舖,8.7
Grandouce Villa Shinimamiya / Vacation STAY 333,114155,http://tinyurl.com/yxtl8k92,床型： 7 張雙人床 和 1 張日式床舖,
Nipponbashi Kuromon Market 2BR 801,114697,http://tinyurl.com/y5m9qwfc,床型： 1 張單人床 和 2 張日式床舖,
